Date,split,actual_return,actual_direction,rf_direction,rf_confidence,gbm_direction,gbm_confidence,reg_predicted_return,actual_price
2024-05-27,validation,-1.568345323741012,0,0,0.09237282110108154,0,0.003048586656177222,-1.5877819096302423,136.82
2024-05-29,validation,-2.901622569799736,0,0,0.07497189383693346,0,0.003048586656177222,-2.8919273987946847,132.85
2024-05-30,validation,-0.0376364320662272,0,0,0.12743922829961446,0,0.003048586656177222,-0.06694972305183006,132.8
2024-05-31,validation,0.6777108433734769,1,1,0.8118114842477411,1,0.9964293606019047,0.6338609569139434,133.7
2024-06-03,validation,-1.0321615557217618,0,0,0.06783904640746423,0,0.003048586656177222,-1.0200139677279068,132.32
2024-06-04,validation,-2.592200725513911,0,0,0.03575324489373576,0,0.003048586656177222,-2.583928204615612,128.89
2024-06-05,validation,-1.7456746062533834,0,0,0.07390625905730315,0,0.003048586656177222,-1.740220226708598,126.64
2024-06-06,validation,-1.3029058749210405,0,0,0.0674642325799703,0,0.003048586656177222,-1.3206690146236681,124.99
2024-06-07,validation,-1.11208896711737,0,0,0.06762476150903043,0,0.003048586656177222,-1.075816860810675,123.6
2024-06-10,validation,-1.7799352750808972,0,0,0.05593165020319967,0,0.003048586656177222,-1.7714096502440417,121.4
2024-06-11,validation,-1.6474464579901154,0,0,0.05963306017937308,0,0.003048586656177222,-1.634211869136512,119.4
2024-06-12,validation,-0.1758793969849313,0,0,0.0844660028398031,0,0.003048586656177222,-0.1699264400752805,119.19
2024-06-13,validation,8.440305394747885,1,1,0.9163574348517106,1,0.9964293606019047,7.810552084074836,129.25
2024-06-14,validation,1.895551257253376,1,1,0.8875229891928156,1,0.9964293606019047,1.9134224259108554,131.7
2024-06-20,validation,2.513287775246775,1,1,0.8800926489553909,1,0.9964293606019047,2.609836112177558,135.01
2024-06-21,validation,-1.259165987704606,0,0,0.13896558106099136,0,0.003048586656177222,-1.2103027196541405,133.31
2024-06-24,validation,-0.9151601530267788,0,0,0.14302928026367134,0,0.003048586656177222,-0.9217074509384037,132.09
2024-06-25,validation,-2.4907260201377786,0,0,0.07586050287824249,0,0.003048586656177222,-2.476784185158843,128.8
2024-06-26,validation,4.666149068322974,1,1,0.9203055589855716,1,0.9964293606019047,4.8316976514740695,134.81
2024-06-27,validation,1.1126771011052592,1,1,0.888900956801014,1,0.9964293606019047,1.1138915086225114,136.31
2024-06-28,validation,-0.8510013938815909,0,0,0.14811152205571018,0,0.003048586656177222,-0.844828848402863,135.15
2024-07-01,validation,0.3477617462079163,1,1,0.8450507133729229,1,0.9964293606019047,0.3334412532223041,135.62
2024-07-02,validation,0.2801946615543396,1,1,0.8517911228399203,1,0.9964293606019047,0.29899533039150283,136.0
2024-07-03,validation,0.5147058823529328,1,1,0.8732399553086009,1,0.9964293606019047,0.4845082823439884,136.7
2024-07-04,validation,-1.0241404535478986,0,0,0.08682608627359413,0,0.003048586656177222,-1.0188263477378208,135.3
2024-07-05,validation,-1.7738359201773877,0,0,0.09590513478238741,0,0.003048586656177222,-1.7607776093879355,132.9
2024-07-08,validation,0.5267118133935204,1,1,0.835278712870889,1,0.9964293606019047,0.4842554656239699,133.6
2024-07-09,validation,0.5164670658682617,1,1,0.8888747550244469,1,0.9964293606019047,0.48955785030441457,134.29
2024-07-10,validation,-0.513813388934394,0,0,0.1077680876803488,0,0.003048586656177222,-0.5817526606337378,133.6
2024-07-11,validation,-0.531437125748509,0,0,0.09551045678230839,0,0.003048586656177222,-0.5829518263100318,132.89
2024-07-12,validation,-1.6178794491684685,0,0,0.07335294570807817,0,0.003048586656177222,-1.6229904194782825,130.74
2024-07-15,validation,1.4226709499770425,1,1,0.8687348866224971,1,0.9964293606019047,1.4205718529646991,132.6
2024-07-18,validation,3.401206636500769,1,1,0.904809756644039,1,0.9964293606019047,3.36367423531717,137.11
2024-07-19,validation,-2.15885055794618,0,0,0.1026130593376975,0,0.003048586656177222,-2.216818915287674,134.15
2024-07-22,validation,-3.317182258665685,0,0,0.05056237212455364,0,0.003048586656177222,-3.275124620731062,129.7
2024-07-23,validation,1.619121048573649,1,1,0.8708646222641521,1,0.9964293606019047,1.6114236466210539,131.8
2024-07-24,validation,0.075872534142636,1,1,0.8201135699780044,1,0.9964293606019047,0.11121293817613559,131.9
2024-07-25,validation,-0.7581501137225171,0,0,0.05811693242583484,0,0.003048586656177222,-0.82131426797778,130.9
2024-07-26,validation,-1.3750954927425605,0,0,0.05308499386317424,0,0.003048586656177222,-1.3946622252556746,129.1
2024-07-29,validation,2.7498063516653843,1,1,0.9042668296414483,1,0.9964293606019047,2.758771993075214,132.65
2024-07-30,validation,-0.6332453825857546,0,0,0.11386380484479051,0,0.003048586656177222,-0.6056784764800831,131.81
2024-07-31,validation,-2.0863363932933767,0,0,0.06851105091825292,0,0.003048586656177222,-2.0892744102412864,129.06
2024-08-01,validation,0.1084766775143238,1,1,0.8166264868043285,1,0.9964293606019047,0.11607395420024581,129.2
2024-08-02,validation,0.928792569659456,1,1,0.8353376486250493,1,0.9964293606019047,0.9137524173461177,130.4
2024-08-05,validation,-1.0812883435582796,0,0,0.07578619276674368,0,0.003048586656177222,-1.071867316884074,128.99
2024-08-06,validation,0.2015660128692075,1,1,0.7845338779042124,1,0.9964293606019047,0.22378746702530986,129.25
2024-08-07,validation,0.1160541586073544,1,1,0.7890050361636364,1,0.9964293606019047,0.126983225139969,129.4
2024-08-08,validation,7.573415765069538,1,1,0.9142141316673725,1,0.9964293606019047,7.569250605759468,139.2
2024-08-09,validation,-2.7011494252873502,0,0,0.1474838390067159,0,0.003048586656177222,-2.6335429586425496,135.44
2024-08-12,validation,-1.5135853514471438,0,0,0.1283304158669935,0,0.003048586656177222,-1.5808501073010992,133.39
2024-08-13,validation,0.2324012294774738,1,1,0.8215893544423782,1,0.9964293606019047,0.22742518097221967,133.7
2024-08-15,validation,-0.8975317875841352,0,0,0.16393191136348023,0,0.003048586656177222,-0.8972273350594236,132.5
2024-08-16,validation,-0.7698113207547247,0,0,0.06821414072760539,0,0.003048586656177222,-0.8165739713257167,131.48
2024-08-19,validation,0.1673258290234247,1,1,0.8154177749070004,1,0.9964293606019047,0.14711323262118206,131.7
2024-08-20,validation,0.8352315869400325,1,1,0.8668735259701034,1,0.9964293606019047,0.779569801502142,132.8
2024-08-21,validation,0.828313253012044,1,1,0.8778753791346108,1,0.9964293606019047,0.7829911203745213,133.9
2024-08-22,validation,0.8215085884988754,1,1,0.8756680230557444,1,0.9964293606019047,0.7810567501353186,135.0
2024-08-23,validation,0.0074074074074006,1,1,0.6443302062302968,1,0.9964293606019047,0.002799553308861647,135.01
2024-08-26,validation,-0.4147840900674041,0,0,0.12808742655861044,0,0.003048586656177222,-0.3981904163223609,134.45
2024-08-27,validation,-0.9669021941241972,0,0,0.10042353047773683,0,0.003048586656177222,-0.9847177140243503,133.15
2024-08-28,validation,-0.443109275253476,0,0,0.09600162897416928,0,0.003048586656177222,-0.4365922901608826,132.56
2024-08-29,validation,0.3319251659625812,1,1,0.8421406541912204,1,0.9964293606019047,0.33370350876929517,133.0
2024-08-30,validation,-0.2255639097744446,0,0,0.10024504294059082,0,0.003048586656177222,-0.21896210751521364,132.7
2024-09-02,validation,0.5953278070836627,1,1,0.8702522464536532,1,0.9964293606019047,0.5958720974287198,133.49
2024-09-03,validation,0.5693310360326548,1,1,0.8547981481471162,1,0.9964293606019047,0.5915528653325438,134.25
2024-09-04,validation,2.383612662942264,1,1,0.9122240125555777,1,0.9964293606019047,2.4134424615538284,137.45
2024-09-05,validation,-0.1455074572571761,0,0,0.15836456314625533,0,0.003048586656177222,-0.17727127732500653,137.25
2024-09-06,validation,-0.3642987249544626,0,0,0.13118012283685349,0,0.003048586656177222,-0.37474922214267076,136.75
2024-09-09,validation,-0.263254113345531,0,0,0.1447003413781509,0,0.003048586656177222,-0.22757907142366599,136.39
2024-09-10,validation,-0.4692426130947917,0,0,0.11814659290880934,0,0.003048586656177222,-0.4403320318501577,135.75
2024-09-11,validation,1.046040515653766,1,1,0.8718411894093834,1,0.9964293606019047,1.0807212691158912,137.17
2024-09-12,validation,0.9695997667128472,1,1,0.8496705943886671,1,0.9964293606019047,0.8965723997215876,138.5
2024-09-13,validation,2.671480144404324,1,1,0.8900111070632812,1,0.9964293606019047,2.629362167780873,142.2
2024-09-16,validation,-0.8016877637130706,0,0,0.15185559624455308,0,0.003048586656177222,-0.8140862427041183,141.06
2024-09-18,validation,1.2193392882461356,1,1,0.866714099932482,1,0.9964293606019047,1.1881314643084397,142.78
2024-09-19,validation,2.0100854461409194,1,1,0.8804534618390444,1,0.9964293606019047,1.891625066426171,145.65
2024-09-20,validation,-3.0209406110539003,0,0,0.14118932985480784,0,0.003048586656177222,-3.0186337388431808,141.25
2024-09-23,validation,-1.415929203539823,0,0,0.06771340155746715,0,0.003048586656177222,-1.4556597622764584,139.25
2024-09-24,validation,0.1867145421902986,1,1,0.8249931608351617,1,0.9964293606019047,0.13806965500941043,139.51
2024-09-25,validation,3.705827539244511,1,1,0.8666268408044651,1,0.9964293606019047,3.544161594330371,144.68
2024-09-26,validation,-1.1611833010782464,0,0,0.09336938941065438,0,0.003048586656177222,-1.1849311222445629,143.0
2024-09-27,validation,0.6993006993006993,1,1,0.8521029939641784,1,0.9964293606019047,0.7502000671878152,144.0
2024-09-30,validation,-0.0694444444444405,0,0,0.18681534112741285,0,0.003048586656177222,-0.07609879748360716,143.9
2024-10-01,validation,1.250868658790815,1,1,0.8712682823770124,1,0.9964293606019047,1.2059854508573395,145.7
2024-10-02,validation,1.578586135895684,1,1,0.8689339215036991,1,0.9964293606019047,1.5603340794943072,148.0
2024-10-03,validation,1.351351351351351,1,1,0.8679775590737729,1,0.9964293606019047,1.3200556647223998,150.0
2024-10-04,validation,2.9933333333333394,1,1,0.9157868621412831,1,0.9964293606019047,2.9613794953143464,154.49
2024-10-07,validation,9.515178975985492,1,1,0.8714100221074087,1,0.9964293606019047,8.860631931069655,169.19
2024-10-08,validation,1.4835392162657317,1,1,0.8404611564883849,1,0.9964293606019047,1.3955401047846752,171.7
2024-10-09,validation,-1.368666278392542,0,0,0.2511439460172311,0,0.003048586656177222,-1.3540547079276783,169.35
2024-10-10,validation,1.092412164157068,1,1,0.8304130763107119,1,0.9964293606019047,1.0304039504827356,171.2
2024-10-11,validation,-0.9929906542056008,0,0,0.21680599345640844,0,0.003048586656177222,-1.0301135361253693,169.5
2024-10-14,validation,-1.4749262536873156,0,0,0.15272104644993353,0,0.003048586656177222,-1.477842259736677,167.0
2024-10-15,validation,1.6766467065868331,1,1,0.8265603438542284,1,0.9964293606019047,1.5651858311865259,169.8
2024-10-16,validation,-0.058892815076574,0,0,0.19099007709834198,0,0.003048586656177222,-0.08662109255599637,169.7
2024-10-17,validation,-1.0901591043017056,0,0,0.14288631669049104,0,0.003048586656177222,-1.0954456151657097,167.85
2024-10-18,validation,-1.817098599940413,0,0,0.12880067851472413,0,0.003048586656177222,-1.7948289866646538,164.8
2024-10-21,validation,1.0922330097087274,1,1,0.7951786265355255,1,0.9964293606019047,1.0184996001513191,166.6
2024-10-22,validation,0.2400960384153695,1,1,0.8018915991073067,1,0.9964293606019047,0.15562280849034688,167.0
2024-10-23,validation,1.1916167664670714,1,1,0.801838624762931,1,0.9964293606019047,1.1118903745910413,168.99
2024-10-24,validation,4.296112195987923,1,1,0.8086955207399616,1,0.9964293606019047,4.155509406952695,176.25
2024-10-25,validation,0.425531914893617,1,1,0.7960309179114005,1,0.9964293606019047,0.39034632504601535,177.0
2024-10-28,validation,-1.5819209039548088,0,0,0.17469781873632148,0,0.003048586656177222,-1.631243659776238,174.2
2024-10-29,validation,0.9758897818599408,1,1,0.783878912308454,1,0.9964293606019047,0.8487627650746623,175.9
2024-10-30,validation,-0.8527572484366117,0,0,0.17483405284451667,0,0.003048586656177222,-0.8810198432411697,174.4
2024-10-31,validation,-1.232798165137618,0,0,0.11469404737398431,0,0.003048586656177222,-1.2550782269733232,172.25
2024-11-01,validation,4.615384615384609,1,1,0.8296103597336006,1,0.9964293606019047,4.301441006371839,180.2
2024-11-04,validation,0.7047724750277526,1,1,0.8117587269319515,1,0.9964293606019047,0.6783049322180603,181.47
2024-11-05,validation,0.7053507466798926,1,1,0.8311284138871612,1,0.9964293606019047,0.7126488038063984,182.75
2024-11-06,validation,-2.0519835841313268,0,0,0.13623822083650577,0,0.003048586656177222,-2.133687001359674,179.0
2024-11-07,validation,2.23463687150838,1,1,0.8061569696526932,1,0.9964293606019047,2.0978348512623284,183.0
2024-11-08,validation,5.027322404371579,1,1,0.8441298574605927,1,0.9964293606019047,4.977447779741445,192.2
2024-11-11,validation,3.537981269510932,1,1,0.8314711837641627,1,0.9964293606019047,3.4862018491977524,199.0
2024-11-12,validation,-2.2713567839196034,0,0,0.16501673081422155,0,0.003048586656177222,-2.288864673264659,194.48
2024-11-13,validation,-2.303578774167004,0,0,0.1605930536646004,0,0.003048586656177222,-2.2906259632219927,190.0
2024-11-14,validation,2.378947368421058,1,1,0.847752347749278,1,0.9964293606019047,2.3672132056744903,194.52
2024-11-15,validation,-0.354719309068475,0,0,0.18334361748436995,0,0.003048586656177222,-0.37597123940517935,193.83
2024-11-18,validation,0.2166847237269707,1,1,0.8234653230924064,1,0.9964293606019047,0.19543833154631127,194.25
2024-11-19,validation,0.4633204633204662,1,1,0.8178745208522035,1,0.9964293606019047,0.41752833066152584,195.15
2024-11-20,validation,-0.1281065846784524,0,0,0.17835943538177326,0,0.003048586656177222,-0.2140038297433509,194.9
2024-11-21,validation,1.9497178040020435,1,1,0.8549238166168361,1,0.9964293606019047,1.8143700415060924,198.7
2024-11-22,validation,-1.9224962254655225,0,0,0.11710755052729464,0,0.003048586656177222,-1.986217401914984,194.88
2024-11-25,validation,-0.9185139573070566,0,0,0.10634544553235566,0,0.003048586656177222,-0.9538255682148452,193.09
2024-11-26,validation,-6.649748821792947,0,0,0.07318194951264571,0,0.003048586656177222,-6.705355872118574,180.25
2024-11-27,validation,4.904299583911236,1,1,0.8120762883937208,1,0.9964293606019047,4.711609019108513,189.09
2024-11-28,validation,2.834629012639476,1,1,0.8096585338945949,1,0.9964293606019047,2.74199859279984,194.45
2024-11-29,validation,0.0257135510414046,1,1,0.7624461246013173,1,0.9964293606019047,-0.03409091082784187,194.5
2024-12-02,validation,-1.0282776349614395,0,0,0.0978054052713909,0,0.003048586656177222,-1.061022535117603,192.5
2024-12-03,validation,0.0,0,0,0.30639383680457005,0,0.003048586656177222,-0.042289929476648204,192.5
2024-12-04,validation,0.3116883116883087,1,1,0.7802150093977209,1,0.9964293606019047,0.23075628519667532,193.1
2024-12-05,validation,2.2889694458829704,1,1,0.824535647483208,1,0.9964293606019047,2.2072792724139307,197.52
2024-12-06,validation,-1.5542729850141868,0,0,0.08775170162233793,0,0.003048586656177222,-1.631912052656255,194.45
2024-12-09,validation,1.6199537156081285,1,1,0.804390962214093,1,0.9964293606019047,1.5348915528779177,197.6
2024-12-10,validation,-2.1761133603238783,0,0,0.10209271165454163,0,0.003048586656177222,-2.2605466131510132,193.3
2024-12-11,validation,6.259699948266939,1,1,0.8220785851914957,1,0.9964293606019047,5.934110887797764,205.4
2024-12-12,validation,3.21324245374878,1,1,0.8175715394955618,1,0.9964293606019047,3.2199572506677874,212.0
2024-12-13,validation,5.660377358490567,1,1,0.846483051947343,1,0.9964293606019047,5.688981345182768,224.0
2024-12-16,validation,5.089285714285717,1,1,0.7980452123624532,1,0.9964293606019047,4.9594960539374044,235.4
2024-12-17,validation,-5.692438402718778,0,0,0.18545947185074035,0,0.003048586656177222,-5.744139270902028,222.0
2024-12-18,validation,-0.7657657657657606,0,0,0.1506010580756433,0,0.003048586656177222,-0.8292287015168209,220.3
2024-12-19,validation,-5.129369042215166,0,0,0.11488026518296646,0,0.003048586656177222,-5.080555639017767,209.0
2024-12-20,validation,3.110047846889952,1,1,0.8543546253294437,1,0.9964293606019047,3.0021882452049033,215.5
2024-12-23,validation,8.352668213457076,1,1,0.8241571208484406,1,0.9964293606019047,7.731801755734844,233.5
2024-12-24,validation,-1.4989293361884368,0,0,0.17533749821630726,0,0.003048586656177222,-1.4574854012344016,230.0
2024-12-26,validation,-5.434782608695652,0,0,0.09978606653243581,0,0.003048586656177222,-5.69175131568562,217.5
2024-12-27,validation,2.2942528735632224,1,1,0.8152065191744672,1,0.9964293606019047,2.23850497852036,222.49
2024-12-30,validation,1.1730864308508182,1,1,0.7966500107752144,1,0.9964293606019047,1.049984582192594,225.1
2024-12-31,validation,0.6263882718791633,1,1,0.8251365891219775,1,0.9964293606019047,0.5603153101813291,226.51
2025-01-01,validation,0.8785484084587918,1,1,0.7788421062096809,1,0.9964293606019047,0.8187226375275458,228.5
2025-01-02,validation,-1.7549234135667355,0,0,0.1602642247069952,0,0.003048586656177222,-1.7654043008897,224.49
2025-01-03,validation,-1.073544478595927,0,0,0.11042744903909035,0,0.003048586656177222,-1.0983784891135893,222.08
2025-01-06,validation,-3.836455331412108,0,0,0.11109967705992585,0,0.003048586656177222,-3.9883594392763393,213.56
2025-01-07,validation,2.2569769619778954,1,1,0.8170224708694351,1,0.9964293606019047,2.2267600180305296,218.38
2025-01-08,validation,-2.486491436944778,0,0,0.10555090901115984,0,0.003048586656177222,-2.5009060643531775,212.95
2025-01-09,validation,0.0375675041089516,1,1,0.7035398415006752,1,0.9964293606019047,-0.043562152713668416,213.03
2025-01-10,validation,5.600150213584945,1,1,0.8306174195465208,1,0.9964293606019047,5.639475004307097,224.96
2025-01-13,validation,-0.022226173541968,0,0,0.2765109606543742,0,0.003048586656177222,-0.04437430034739209,224.91
2025-01-14,validation,-1.2271575296785342,0,0,0.11876034381519965,0,0.003048586656177222,-1.2457863343900175,222.15
2025-01-15,validation,-0.1710555930677449,0,0,0.16954928666023497,0,0.003048586656177222,-0.20335303490136994,221.77
2025-01-16,validation,-1.3617712044009609,0,0,0.15441785583692777,0,0.003048586656177222,-1.4282290598045104,218.75
2025-01-17,validation,1.444571428571427,1,1,0.8382780501282379,1,0.9964293606019047,1.3488071639243353,221.91
2025-01-20,validation,0.2838988779234804,1,1,0.8317479182441007,1,0.9964293606019047,0.2322050248776785,222.54
2025-01-21,validation,-1.9367304754201504,0,0,0.11504789583007997,0,0.003048586656177222,-2.014698967504699,218.23
2025-01-22,validation,-1.9429042753058607,0,0,0.07783277793098901,0,0.003048586656177222,-2.0277982482498924,213.99
2025-01-23,validation,-0.0373849245291894,0,0,0.14593402840674355,0,0.003048586656177222,-0.12102048533759541,213.91
2025-01-24,validation,-0.6918797625169416,0,0,0.08421203062786116,0,0.003048586656177222,-0.732894549683884,212.43
2025-01-27,validation,-1.562867768205994,0,0,0.04487028035978287,0,0.003048586656177222,-1.6223708397405534,209.11
2025-01-28,validation,-2.634976806465506,0,0,0.054985219209083225,0,0.003048586656177222,-2.6746112157339192,203.6
2025-01-29,validation,-0.1768172888015644,0,0,0.10962129793806108,0,0.003048586656177222,-0.20409273980072007,203.24
2025-01-30,validation,1.786065735091515,1,1,0.8160091328640476,1,0.9964293606019047,1.7546951490237124,206.87
2025-01-31,validation,-0.1740223328660577,0,0,0.10821423249569948,0,0.003048586656177222,-0.21735315309110267,206.51
2025-02-03,validation,-1.8497893564476269,0,0,0.06101642448320957,0,0.003048586656177222,-1.8111196066460127,202.69
2025-02-04,validation,-1.3863535448221431,0,0,0.09310624471373061,0,0.003048586656177222,-1.414072254040753,199.88
2025-02-06,validation,-2.221332799679807,0,0,0.09008009875299235,0,0.003048586656177222,-2.2969793999642043,195.44
2025-02-07,validation,1.5708145722472335,1,1,0.8413868236768429,1,0.9964293606019047,1.5155465062500375,198.51
2025-02-10,validation,1.239232280489652,1,1,0.8503409484364823,1,0.9964293606019047,1.1396554857274004,200.97
2025-02-11,validation,3.592576006369109,1,1,0.8229018595464613,1,0.9964293606019047,3.458163104368626,208.19
2025-02-12,validation,0.437100725299004,1,1,0.8050039603568985,1,0.9964293606019047,0.37500509168107876,209.1
2025-02-13,validation,-1.2769010043041549,0,0,0.11605489960284941,0,0.003048586656177222,-1.3737894447642802,206.43
2025-02-14,validation,-2.21382550985806,0,0,0.09223132289737972,0,0.003048586656177222,-2.263645768272037,201.86
2025-02-17,validation,-1.1988506885960644,0,0,0.10707888105974657,0,0.003048586656177222,-1.2524341526034182,199.44
2025-02-18,validation,3.158844765342966,1,1,0.854540629804931,1,0.9964293606019047,2.9959809336451717,205.74
2025-02-19,validation,-0.4568873335277524,0,0,0.10437344486231571,0,0.003048586656177222,-0.4878678531407883,204.8
2025-02-20,validation,0.0048828124999955,1,0,0.16580865582489654,0,0.003048586656177222,-0.04822722378468046,204.81
2025-02-21,validation,-1.0058102631707448,0,0,0.09447184768801757,0,0.003048586656177222,-1.0535100812698883,202.75
2025-02-24,validation,3.7583230579531466,1,1,0.8514000097831078,1,0.9964293606019047,3.781274490382902,210.37
2025-02-25,validation,1.4070447307125578,1,1,0.8236553357165372,1,0.9964293606019047,1.3536948388159469,213.33
2025-02-26,validation,-2.0859700932827154,0,0,0.13923051497369784,0,0.003048586656177222,-2.1121770037392755,208.88
2025-02-27,validation,1.5463423975488406,1,1,0.8054080806575574,1,0.9964293606019047,1.5284275759381418,212.11
2025-02-28,validation,0.2262976757342839,1,1,0.8118241341461204,1,0.9964293606019047,0.17130022836827352,212.59
2025-03-03,validation,-0.3904228797215356,0,0,0.1283237442081804,0,0.003048586656177222,-0.3850903450771754,211.76
2025-03-04,validation,0.7366830374008322,1,1,0.81684302182578,1,0.9964293606019047,0.7118786199866313,213.32
2025-03-05,validation,-0.1921995124695277,0,0,0.13170341997570903,0,0.003048586656177222,-0.21601484155172276,212.91
2025-03-06,validation,4.541825184350203,1,1,0.8609269604573899,1,0.9964293606019047,4.3138142733307285,222.58
2025-03-07,validation,0.5660885973582491,1,1,0.8479807087914999,1,0.9964293606019047,0.5307134799807082,223.84
2025-03-10,validation,-4.052001429592563,0,0,0.12375730860862662,0,0.003048586656177222,-4.201519536129764,214.77
2025-03-11,validation,1.885738231596584,1,1,0.805980976184607,1,0.9964293606019047,1.8331999081886636,218.82
2025-03-12,validation,-0.7220546567955325,0,0,0.13502648695968658,0,0.003048586656177222,-0.7374794731172712,217.24
2025-03-13,validation,0.4787331983060173,1,1,0.8223841978434798,1,0.9964293606019047,0.4259193311490177,218.28
2025-03-14,validation,0.1420194245922678,1,1,0.7574018853495105,1,0.9964293606019047,0.07900948127815415,218.59
2025-03-17,validation,1.2763621391646425,1,1,0.8392582571972586,1,0.9964293606019047,1.1537958342718515,221.38
2025-03-18,validation,0.7588761405727739,1,1,0.8327759791400754,1,0.9964293606019047,0.6889871228415307,223.06
2025-03-19,validation,1.084909889715766,1,1,0.8255005017710729,1,0.9964293606019047,1.0242973175914392,225.48
2025-03-20,validation,0.589852758559523,1,1,0.8358826651542748,1,0.9964293606019047,0.5184124390155659,226.81
2025-03-21,validation,0.238084740531719,1,1,0.8444573080100745,1,0.9964293606019047,0.15935099665609861,227.35
2025-03-24,validation,-4.037827138772821,0,0,0.06136053450599466,0,0.003048586656177222,-3.975726290277762,218.17
2025-03-25,validation,2.7593161296236928,1,1,0.7994710641746609,1,0.9964293606019047,2.6755747107995744,224.19
2025-03-26,validation,3.818189928185914,1,1,0.848563477982523,1,0.9964293606019047,3.7824412608341693,232.75
2025-03-27,validation,-0.0085929108485543,0,0,0.27205924718619795,0,0.003048586656177222,-0.04304569516284352,232.73
2025-04-03,validation,0.837880806084311,1,1,0.7835607104720294,1,0.9964293606019047,0.7345722512790218,234.68
2025-04-04,validation,-3.3705471280040893,0,0,0.12555548454131762,0,0.003048586656177222,-3.3147543897396097,226.77
2025-04-07,validation,-6.041363496053277,0,0,0.0756936802113754,0,0.003048586656177222,-5.812253660708572,213.07
2025-04-08,validation,0.8541793776693073,1,1,0.7752384873386202,1,0.9964293606019047,0.8309055307365534,214.89
2025-04-09,validation,-2.9643073200241874,0,0,0.09510806075327335,0,0.003048586656177222,-3.010364579775305,208.52
2025-04-10,validation,2.987723000191823,1,1,0.7893936772894292,1,0.9964293606019047,2.9872332593375366,214.75
2025-04-11,validation,-1.206053550640281,0,0,0.09253610126059271,0,0.003048586656177222,-1.2386393152372268,212.16
2025-04-14,validation,-0.065987933634986,0,0,0.11835612519724215,0,0.003048586656177222,-0.11939617250840592,212.02
2025-04-15,validation,1.0848033204414596,1,1,0.7950272938349611,1,0.9964293606019047,1.0357132994591833,214.32
2025-04-16,validation,-1.2224710712952616,0,0,0.1379842226619309,0,0.003048586656177222,-1.2459071337687442,211.7
2025-04-17,validation,1.1242324043457836,1,1,0.8287869961864712,1,0.9964293606019047,1.0441157433516786,214.08
2025-04-18,validation,-0.5605381165919362,0,0,0.09704544611365014,0,0.003048586656177222,-0.6198094478871117,212.88
2025-04-21,validation,-0.3053363397219117,0,0,0.1055765495945069,0,0.003048586656177222,-0.3962877468601807,212.23
2025-04-22,validation,0.4947462658436655,1,1,0.7995542878633846,1,0.9964293606019047,0.3948728680106131,213.28
2025-04-23,validation,0.506376594148543,1,1,0.8017818155163962,1,0.9964293606019047,0.41939942445304285,214.36
2025-04-24,validation,-1.2455682030229591,0,0,0.08232157811864273,0,0.003048586656177222,-1.266544859769937,211.69
2025-04-25,validation,0.3212244319523864,1,1,0.7929680606728304,1,0.9964293606019047,0.2591734872027932,212.37
2025-04-28,validation,-2.0577294344775647,0,0,0.08965125099753163,0,0.003048586656177222,-2.144272542592062,208.0
2025-04-29,validation,-0.0913461538461527,0,0,0.10143154937039812,0,0.003048586656177222,-0.13623931591372967,207.81
2025-04-30,validation,-3.5753813579712266,0,0,0.07278806585738373,0,0.003048586656177222,-3.6472374306750233,200.38
2025-05-02,validation,1.4322786705260029,1,1,0.8329543951759694,1,0.9964293606019047,1.352608353316399,203.25
2025-05-05,test,-1.4907749077490782,0,0,0.09509798423355749,0,0.003104786664261008,-1.4712419442897764,200.22
2025-05-06,test,1.3535111377484803,1,1,0.8473643497141856,1,0.9964849188500551,1.4240039294898188,202.93
2025-05-07,test,-3.10451879958607,0,0,0.0754971139571903,0,0.003104786664261008,-3.1582788902521193,196.63
2025-05-08,test,-8.767736357626003,0,0,0.08748746719395321,0,0.003104786664261008,-7.753161651156974,179.39
2025-05-09,test,2.876414515859315,1,1,0.8895954757961501,1,0.9964849188500551,2.877161139180883,184.55
2025-05-12,test,10.002709292874547,1,1,0.8899284856714479,1,0.9964849188500551,9.191726981022708,203.01
2025-05-13,test,7.708979853209205,1,1,0.8635264683798121,1,0.9964849188500551,7.678054578200539,218.66
2025-05-14,test,-2.7394127869752167,0,0,0.16836535968968522,0,0.003104786664261008,-2.6622867658147307,212.67
2025-05-15,test,0.4984247895801017,1,1,0.8704170494669776,1,0.9964849188500551,0.5182343356281174,213.73
2025-05-16,test,-1.0433724792963035,0,0,0.14847490596261592,0,0.003104786664261008,-1.0583275624516633,211.5
2025-05-19,test,0.0945626477541317,1,1,0.8464884556794726,1,0.9964849188500551,0.12647025682917754,211.7
2025-05-20,test,-0.9447331128956068,0,0,0.13740114310387347,0,0.003104786664261008,-0.960603395814429,209.7
2025-05-21,test,1.926561754887945,1,1,0.899865587584687,1,0.9964849188500551,1.8920027978283214,213.74
2025-05-22,test,-0.8608589875549749,0,0,0.13250961510323303,0,0.003104786664261008,-0.885289032525178,211.9
2025-05-23,test,0.2218027371401599,1,1,0.8634558375133291,1,0.9964849188500551,0.21719986051702567,212.37
2025-05-26,test,-1.6103969487215783,0,0,0.11320313053905401,0,0.003104786664261008,-1.5925223624708311,208.95
2025-05-27,test,0.2201483608518822,1,1,0.8701290767786584,1,0.9964849188500551,0.20831282805391263,209.41
2025-05-29,test,-0.1146077073683248,0,0,0.09460257498279455,0,0.003104786664261008,-0.12646489858825077,209.17
2025-05-30,test,0.1529856097910893,1,1,0.8581676689245387,1,0.9964849188500551,0.10049266040792083,209.49
2025-06-02,test,-0.7207981287889729,0,0,0.07581296603887809,0,0.003104786664261008,-0.7110934145561689,207.98
2025-06-03,test,0.562554091739598,1,1,0.8671033187449377,1,0.9964849188500551,0.55825141410771,209.15
2025-06-04,test,1.3100645469758454,1,1,0.889456436646721,1,0.9964849188500551,1.4172905590277542,211.89
2025-06-05,test,-0.9155693992165737,0,0,0.0947619676156435,0,0.003104786664261008,-0.9308895544858399,209.95
2025-06-10,test,0.1762324362943579,1,1,0.8635909783192944,1,0.9964849188500551,0.2005836960280264,210.32
2025-06-11,test,2.372575123621153,1,1,0.9084997642694383,1,0.9964849188500551,2.3383086364057126,215.31
2025-06-12,test,-1.5140959546700063,0,0,0.1643401942057436,0,0.003104786664261008,-1.481765618152773,212.05
2025-06-13,test,-1.50436217873143,0,0,0.10716282306727902,0,0.003104786664261008,-1.4877048371331274,208.86
2025-06-16,test,2.006128507133964,1,1,0.8993959548219553,1,0.9964849188500551,2.0770722997157987,213.05
2025-06-17,test,0.5679417977000608,1,1,0.8918457705448141,1,0.9964849188500551,0.569749862442524,214.26
2025-06-18,test,-1.4421730607672938,0,0,0.10530911825830738,0,0.003104786664261008,-1.4299144721165329,211.17
2025-06-19,test,-0.2320405360609843,0,0,0.13144836402712382,0,0.003104786664261008,-0.1687048909629788,210.68
2025-06-20,test,0.745205999620274,1,1,0.8779805620899548,1,0.9964849188500551,0.740524043753368,212.25
2025-06-23,test,-3.952885747938745,0,0,0.07394706506678532,0,0.003104786664261008,-4.019405837113841,203.86
2025-06-24,test,6.941037967232402,1,1,0.9043733255611334,1,0.9964849188500551,6.886332240496019,218.01
2025-06-25,test,-0.073391128847299,0,0,0.15877350565347392,0,0.003104786664261008,-0.11343256821040427,217.85
2025-06-26,test,-0.2570576084461796,0,0,0.16325442928649425,0,0.003104786664261008,-0.30490271158088117,217.29
2025-06-27,test,1.7948363937594944,1,1,0.8880448604470433,1,0.9964849188500551,1.8172137090891294,221.19
2025-06-30,test,-0.284823002848228,0,0,0.13705929387473345,0,0.003104786664261008,-0.2904007772470999,220.56
2025-07-01,test,0.4579252811026437,1,1,0.9021708009955307,1,0.9964849188500551,0.452841551213345,221.57
2025-07-02,test,0.609288261046168,1,1,0.920060601463864,1,0.9964849188500551,0.5739858219811753,222.92
2025-07-03,test,2.767809079490408,1,1,0.9436167749006283,1,0.9964849188500551,2.7819028676234794,229.09
2025-07-04,test,-0.7900825003273833,0,0,0.141769619289269,0,0.003104786664261008,-0.7745493178070914,227.28
2025-07-07,test,0.8183738120380082,1,1,0.9076373770275385,1,0.9964849188500551,0.8542758804966818,229.14
2025-07-08,test,0.0436414419132507,1,1,0.8916205909953651,1,0.9964849188500551,0.06068314782715614,229.24
2025-07-09,test,-0.5321933344965969,0,0,0.21287921065738402,0,0.003104786664261008,-0.5497006534085829,228.02
2025-07-10,test,-0.613981229716694,0,0,0.1640129155438195,0,0.003104786664261008,-0.5719862932347604,226.62
2025-07-11,test,0.5604094960727128,1,1,0.8893721796556318,1,0.9964849188500551,0.5678664034123762,227.89
2025-07-14,test,-0.3422703936109407,0,0,0.1657540516086721,0,0.003104786664261008,-0.3409519693285501,227.11
2025-07-15,test,-1.1800449121571073,0,0,0.13741098005572777,0,0.003104786664261008,-1.2070147751422518,224.43
2025-07-16,test,-0.0267343937976216,0,0,0.15089115502639164,0,0.003104786664261008,-0.018820391649755876,224.37
2025-07-17,test,0.3610108303249107,1,1,0.8772043193080173,1,0.9964849188500551,0.4254063985377635,225.18
2025-07-18,test,-0.8437694289013259,0,0,0.0995186792022201,0,0.003104786664261008,-0.7846697926730075,223.28
2025-07-21,test,-0.9405231099964144,0,0,0.07881445440976786,0,0.003104786664261008,-0.9304420906290435,221.18
2025-07-22,test,2.464056424631517,1,1,0.8854904478316539,1,0.9964849188500551,2.473467808362596,226.63
2025-07-23,test,-0.1764991395666971,0,0,0.14598008409953345,0,0.003104786664261008,-0.16672193379264527,226.23
2025-07-24,test,-0.3978252221190723,0,0,0.09467754172926787,0,0.003104786664261008,-0.3714788041127072,225.33
2025-07-25,test,0.2574002574002503,1,1,0.8569467012278785,1,0.9964849188500551,0.27606129478173874,225.91
2025-07-28,test,0.5400380682572701,1,1,0.8869967440445632,1,0.9964849188500551,0.5641496238615719,227.13
2025-07-29,test,-1.3604543653414358,0,0,0.09685148016068579,0,0.003104786664261008,-1.400573045792855,224.04
2025-07-30,test,0.330298161042675,1,1,0.8716549699563951,1,0.9964849188500551,0.32395370353318187,224.78
2025-07-31,test,3.661357772043772,1,1,0.9104217131760488,1,0.9964849188500551,3.5737538380777365,233.01
2025-08-01,test,9.724904510536026,1,1,0.9239521489959741,1,0.9964849188500551,9.435993854668133,255.67
2025-08-04,test,1.7796378143701022,1,1,0.9237715016376797,1,0.9964849188500551,1.827727497743066,260.22
2025-08-05,test,-0.4150334332488051,0,0,0.20725689674959127,0,0.003104786664261008,-0.3916156112081664,259.14
2025-08-06,test,1.1962645674153056,1,1,0.8876627099014317,1,0.9964849188500551,1.2280936508297986,262.24
2025-08-07,test,1.845637583892608,1,1,0.876799956142311,1,0.9964849188500551,1.8560589659273685,267.08
2025-08-08,test,1.2730268084469205,1,1,0.8950162109654456,1,0.9964849188500551,1.2396333409490001,270.48
2025-08-11,test,2.443803608399865,1,1,0.880605089497119,1,0.9964849188500551,2.500394206686899,277.09
2025-08-12,test,-2.0029593272943647,0,0,0.2075874565815618,0,0.003104786664261008,-1.9845591765513002,271.54
2025-08-13,test,-0.7512705310451574,0,0,0.21453836742027543,0,0.003104786664261008,-0.7643678324997291,269.5
2025-08-15,test,-2.5677179962894305,0,0,0.1879426654853944,0,0.003104786664261008,-2.5692459347950445,262.58
2025-08-18,test,0.3770279533856383,1,1,0.8743749018313396,1,0.9964849188500551,0.43482290972612786,263.57
2025-08-19,test,-1.4645065826915102,0,0,0.1764343522525719,0,0.003104786664261008,-1.4061581124830675,259.71
2025-08-20,test,-0.5544645951253313,0,0,0.14919117963337597,0,0.003104786664261008,-0.5320428782334699,258.27
2025-08-21,test,1.0454175862469686,1,1,0.845283747951965,1,0.9964849188500551,1.1037598058325016,260.97
2025-08-22,test,0.8276813426830547,1,1,0.8455310037723313,1,0.9964849188500551,0.8765460464947956,263.13
2025-08-25,test,-0.8208870140234744,0,0,0.14603166791853006,0,0.003104786664261008,-0.7778942944224528,260.97
2025-08-26,test,-0.2107521937387482,0,0,0.15153008945986213,0,0.003104786664261008,-0.1548949216004235,260.42
2025-08-27,test,-0.0345595576376744,0,0,0.1790305479484796,0,0.003104786664261008,-0.011377541128363993,260.33
2025-08-28,test,0.3495563323474148,1,1,0.8719068226968257,1,0.9964849188500551,0.3262687799535165,261.24
2025-08-29,test,1.194304088194765,1,1,0.876793200423685,1,0.9964849188500551,1.185351249334994,264.36
2025-09-01,test,2.2658495990316267,1,1,0.8716886870638316,1,0.9964849188500551,2.2672980606461643,270.35
2025-09-02,test,-0.3809876086554575,0,0,0.19409971606601428,0,0.003104786664261008,-0.37648600665466014,269.32
2025-09-03,test,1.4035348284568654,1,1,0.8693463829599155,1,0.9964849188500551,1.4188972242191549,273.1
2025-09-04,test,-0.9923105089710862,0,0,0.15824432739553806,0,0.003104786664261008,-0.974814838877595,270.39
2025-09-05,test,0.9578756610821524,1,1,0.8755411862680796,1,0.9964849188500551,0.9289007705271984,272.98
2025-09-08,test,0.7399809509854135,1,1,0.8667082611584036,1,0.9964849188500551,0.7482212459070577,275.0
2025-09-09,test,-0.672727272727281,0,0,0.163602805062205,0,0.003104786664261008,-0.7037376414998717,273.15
2025-09-10,test,-0.084202818963925,0,0,0.1524819662024167,0,0.003104786664261008,-0.14208837221656356,272.92
2025-09-11,test,-0.7987688699985368,0,0,0.11986872654885251,0,0.003104786664261008,-0.7845335734183294,270.74
2025-09-12,test,-1.1671714560094648,0,0,0.12945829257540198,0,0.003104786664261008,-1.2070623423594207,267.58
2025-09-15,test,0.3512968084311225,1,1,0.8503392907889782,1,0.9964849188500551,0.3446705180691062,268.52
2025-09-16,test,1.3667510799940474,1,1,0.8871081823194542,1,0.9964849188500551,1.4417456819785066,272.19
2025-09-17,test,-0.6576288621918588,0,0,0.12192143322751807,0,0.003104786664261008,-0.6718646858818426,270.4
2025-09-18,test,0.6360946745562231,1,1,0.881892752348199,1,0.9964849188500551,0.6992511502410621,272.12
2025-09-19,test,1.8888725562251896,1,1,0.8837546072021465,1,0.9964849188500551,1.9292956638353698,277.26
2025-09-22,test,1.2190723508620052,1,1,0.8768178800327168,1,0.9964849188500551,1.231298542019151,280.64
2025-09-23,test,0.7375997719498266,1,1,0.9143065172389514,1,0.9964849188500551,0.7345135129425643,282.71
2025-09-24,test,0.0530579038590902,1,1,0.8937945355799337,1,0.9964849188500551,0.0510791483047541,282.86
2025-09-25,test,-1.7605882768860983,0,0,0.20191935578150563,0,0.003104786664261008,-1.824588566047913,277.88
2025-09-26,test,0.9536490571469618,1,1,0.9128131493726913,1,0.9964849188500551,0.9220372660216004,280.53
2025-09-29,test,0.3457740705094027,1,1,0.8939787058777509,1,0.9964849188500551,0.32332671943633656,281.5
2025-09-30,test,-1.5168738898756595,0,0,0.1565614149993329,0,0.003104786664261008,-1.5569819368779672,277.23
2025-10-01,test,-0.1947841142733544,0,0,0.15108835567820667,0,0.003104786664261008,-0.13743879009234272,276.69
2025-10-02,test,0.6216343199971186,1,1,0.8634281326726261,1,0.9964849188500551,0.6151289106409978,278.41
2025-10-03,test,-0.1759994253080022,0,0,0.14810151770270813,0,0.003104786664261008,-0.12805575896525687,277.92
2025-10-06,test,-1.2341681059297664,0,0,0.1120445592575194,0,0.003104786664261008,-1.1869884032351412,274.49
2025-10-07,test,-1.1475827899012838,0,0,0.10905697957500037,0,0.003104786664261008,-1.172212722200729,271.34
2025-10-08,test,-0.6560035379965994,0,0,0.09047041598936037,0,0.003104786664261008,-0.6730363647088619,269.56
2025-10-09,test,-0.7530790918534017,0,0,0.08916174846167087,0,0.003104786664261008,-0.746089712041623,267.53
2025-10-10,test,-1.3306918850222202,0,0,0.09150687132464762,0,0.003104786664261008,-1.2138049986853288,263.97
2025-10-13,test,-4.216388225934773,0,0,0.1222495598421545,0,0.003104786664261008,-4.248039859799279,252.84
2025-10-14,test,4.504825185888314,1,1,0.8826358210976964,1,0.9964849188500551,4.305997159430193,264.23
2025-10-15,test,-1.3586647996064154,0,0,0.13263873724578107,0,0.003104786664261008,-1.3766317403215587,260.64
2025-10-16,test,-0.6752608962553679,0,0,0.1503252947366074,0,0.003104786664261008,-0.6781419647047264,258.88
2025-10-17,test,-0.2588071693448763,0,0,0.13019634083146656,0,0.003104786664261008,-0.2852749346896447,258.21
2025-10-20,test,2.2036327020642106,1,1,0.8547599461821934,1,0.9964849188500551,2.319114824761163,263.9
2025-10-21,test,0.2766199317923525,1,1,0.8911298465065839,1,0.9964849188500551,0.30384041010286217,264.63
2025-10-22,test,0.8653591807429318,1,1,0.9018562972590641,1,0.9964849188500551,0.8880731451161207,266.92
2025-10-23,test,-0.2247864528697822,0,0,0.167325650358535,0,0.003104786664261008,-0.13118243338240224,266.32
2025-10-24,test,-0.7697506758786465,0,0,0.15264261707148255,0,0.003104786664261008,-0.7332095654174652,264.27
2025-10-27,test,-1.3281870813940255,0,0,0.15677188563638916,0,0.003104786664261008,-1.2312380523430053,260.76
2025-10-28,test,-1.867617732781103,0,0,0.12228084264742538,0,0.003104786664261008,-1.8204125664586102,255.89
2025-10-29,test,0.2696471139942935,1,1,0.8235625408953519,1,0.9964849188500551,0.3138143437105955,256.58
2025-10-30,test,-1.0834827344297968,0,0,0.1304716494717598,0,0.003104786664261008,-1.028929556756397,253.8
2025-10-31,test,1.130811662726558,1,1,0.8466511799386908,1,0.9964849188500551,1.1334583101945357,256.67
2025-11-03,test,0.2532434643705837,1,1,0.8666835835065023,1,0.9964849188500551,0.2954149417693892,257.32
2025-11-04,test,-1.2280429037773966,0,0,0.1728910468984109,0,0.003104786664261008,-1.1965901670415973,254.16
2025-11-05,test,-1.2944601825621624,0,0,0.14659374091579166,0,0.003104786664261008,-1.2391889516114676,250.87
2025-11-06,test,-1.0244349663172134,0,0,0.13723138759820747,0,0.003104786664261008,-0.9553039158860269,248.3
2025-11-07,test,-0.9101892871526456,0,0,0.12205152356991068,0,0.003104786664261008,-0.8661436076082977,246.04
2025-11-10,test,2.686555031702168,1,1,0.8856180713323419,1,0.9964849188500551,2.6822455479581864,252.65
2025-11-11,test,-3.736394221254699,0,0,0.13544341306377114,0,0.003104786664261008,-3.7348958815143143,243.21
2025-11-12,test,-1.2581719501665236,0,0,0.13918778366274603,0,0.003104786664261008,-1.2138580094605371,240.15
2025-11-13,test,1.2492192379762648,1,1,0.8629385732863742,1,0.9964849188500551,1.2606109562175476,243.15
2025-11-14,test,1.7561176228665358,1,1,0.8758379836176263,1,0.9964849188500551,1.8490001529367073,247.42
2025-11-17,test,-0.4365047288012223,0,0,0.12787337417720537,0,0.003104786664261008,-0.4007693864435607,246.34
2025-11-18,test,-0.3734675651538588,0,0,0.15016140209886067,0,0.003104786664261008,-0.3339861093652636,245.42
2025-11-19,test,2.391818107733683,1,1,0.9148707938353955,1,0.9964849188500551,2.370913670406774,251.29
2025-11-20,test,1.6355605077798614,1,1,0.9187085323968717,1,0.9964849188500551,1.6693726618170865,255.4
2025-11-21,test,-0.5324980422866146,0,0,0.1694814371566533,0,0.003104786664261008,-0.5144088812210676,254.04
2025-11-24,test,-1.279326090379468,0,0,0.19172588631655887,0,0.003104786664261008,-1.2490418162509196,250.79
2025-11-25,test,-0.5542485745045601,0,0,0.18696478780090509,0,0.003104786664261008,-0.5124616011203807,249.4
2025-11-26,test,1.69206094627105,1,1,0.9042603830614078,1,0.9964849188500551,1.6631158184159334,253.62
2025-11-27,test,2.625975869410917,1,1,0.9267634069798767,1,0.9964849188500551,2.620228825683907,260.28
2025-11-28,test,1.8941140310434943,1,1,0.9167763656792097,1,0.9964849188500551,1.9355162868428275,265.21
2025-12-01,test,2.209569774895371,1,1,0.8978314162929649,1,0.9964849188500551,2.3082938149281937,271.07
2025-12-02,test,-1.3575829121629124,0,0,0.17982606837239237,0,0.003104786664261008,-1.3736224322857238,267.39
2025-12-03,test,0.7292718501065817,1,1,0.8997714720391957,1,0.9964849188500551,0.775334535613572,269.34
2025-12-04,test,0.4937996584243116,1,1,0.8769655919114382,1,0.9964849188500551,0.5437566364010092,270.67
2025-12-05,test,1.4445634905973943,1,1,0.9397766043940546,1,0.9964849188500551,1.4359373015333288,274.58
2025-12-08,test,-0.0801223687085623,0,0,0.1756930652215718,0,0.003104786664261008,-0.0932578257106488,274.36
2025-12-09,test,-0.7143898527482272,0,0,0.18243842931779286,0,0.003104786664261008,-0.674469558576058,272.4
2025-12-10,test,-0.8039647577092502,0,0,0.16293932845848652,0,0.003104786664261008,-0.7556984247213453,270.21
2025-12-11,test,0.9696162244180472,1,1,0.8932861686794711,1,0.9964849188500551,0.9552382117640855,272.83
2025-12-12,test,0.8356852252318402,1,1,0.9062791004548462,1,0.9964849188500551,0.8646939584040438,275.11
2025-12-15,test,1.294027843408092,1,1,0.9020135462474379,1,0.9964849188500551,1.206522834418931,278.67
2025-12-16,test,-1.1016614633796222,0,0,0.17196146517818436,0,0.003104786664261008,-1.0709257802160306,275.6
2025-12-17,test,-1.5493468795355727,0,0,0.1463678829997215,0,0.003104786664261008,-1.5577720078177504,271.33
2025-12-18,test,-0.751851988353652,0,0,0.15325537164840625,0,0.003104786664261008,-0.731943313997862,269.29
2025-12-19,test,-0.4827509376508638,0,0,0.13493171621339664,0,0.003104786664261008,-0.41045932159324805,267.99
2025-12-22,test,-0.4179260420164948,0,0,0.12502365953205005,0,0.003104786664261008,-0.40559283753359116,266.87
2025-12-23,test,-0.7606699891332969,0,0,0.09575055526920855,0,0.003104786664261008,-0.736202532052931,264.84
2025-12-24,test,0.9892765443286532,1,1,0.8547039036324098,1,0.9964849188500551,0.9601376698020102,267.46
2025-12-26,test,1.0992297913706714,1,1,0.8660856835467062,1,0.9964849188500551,1.1319451394386488,270.4
2025-12-29,test,1.172337278106515,1,1,0.8814429975851518,1,0.9964849188500551,1.2184557214080867,273.57
2025-12-30,test,2.609935299923232,1,1,0.9193340857597774,1,0.9964849188500551,2.6151053298400795,280.71
2025-12-31,test,0.1353710234761837,1,1,0.9062920096840873,1,0.9964849188500551,0.13399482880268468,281.09
2026-01-01,test,2.3942509516525026,1,1,0.940115219414314,1,0.9964849188500551,2.35230551579469,287.82
2026-01-02,test,2.2305607671461383,1,1,0.915008894566233,1,0.9964849188500551,2.251781914787702,294.24
2026-01-05,test,0.4214246873300737,1,1,0.9057784979557212,1,0.9964849188500551,0.40657704190508404,295.48
2026-01-06,test,-0.6870177338567854,0,0,0.1870183608923077,0,0.003104786664261008,-0.71500020062927,293.45
2026-01-07,test,0.8246720054523824,1,1,0.9155143757621717,1,0.9964849188500551,0.8243994532759451,295.87
2026-01-08,test,0.0811167066617126,1,1,0.8727341556749805,1,0.9964849188500551,0.0711176719603722,296.11
2026-01-09,test,-1.0131370098949717,0,0,0.15011763869995468,0,0.003104786664261008,-0.9733482870213697,293.11
2026-01-12,test,-1.1019753676094362,0,0,0.15144049903490653,0,0.003104786664261008,-1.0612691768990787,289.88
2026-01-13,test,1.6213605629915788,1,1,0.9006033653848252,1,0.9964849188500551,1.632329898561321,294.58
2026-01-14,test,2.943173331522852,1,1,0.9086475085187797,1,0.9964849188500551,2.9513671927919845,303.25
2026-01-15,test,1.6323165704863936,1,1,0.8961410181658455,1,0.9964849188500551,1.6125004104632696,308.2
2026-01-16,test,6.748864373783261,1,1,0.8739377721018164,1,0.9964849188500551,6.764958304365143,329.0
2026-01-19,test,-0.0060790273556175,0,0,0.2726431359034225,0,0.003104786664261008,-0.003825323743929495,328.98
2026-01-20,test,1.495531643260976,1,1,0.8743384310384893,1,0.9964849188500551,1.4747888949017622,333.9
2026-01-21,test,-0.7906558849955037,0,0,0.20792634726328782,0,0.003104786664261008,-0.7924806884975788,331.26
2026-01-22,test,0.3713095453722207,1,1,0.8764459642860565,1,0.9964849188500551,0.43513993752619845,332.49
2026-01-23,test,-1.3955306926524065,0,0,0.15767227618020382,0,0.003104786664261008,-1.4031430810947143,327.85
2026-01-26,test,-0.115906664633215,0,0,0.1776034583545458,0,0.003104786664261008,-0.11342731477416826,327.47
2026-01-27,test,0.8092344336885752,1,1,0.8865106961129265,1,0.9964849188500551,0.8571183571586938,330.12
2026-01-28,test,1.0420453168544763,1,1,0.9009139436441898,1,0.9964849188500551,1.0924297252771842,333.56
2026-01-29,test,-3.5226046288523807,0,0,0.18621101694269868,0,0.003104786664261008,-3.4628806841344737,321.81
2026-01-30,test,0.6587738106336051,1,1,0.8784372885050389,1,0.9964849188500551,0.6722383133309456,323.93
2026-02-02,test,1.5558917049979997,1,1,0.861403555703355,1,0.9964849188500551,1.605661905925587,328.97
2026-02-03,test,0.0151989543119295,1,1,0.8047507939230953,1,0.9964849188500551,0.07596778800047624,329.02
2026-02-04,test,-0.0668652361558478,0,0,0.15096230539364489,0,0.003104786664261008,-0.11329979111996401,328.8
2026-02-06,test,-2.317518248175184,0,0,0.13491074845546128,0,0.003104786664261008,-2.3141066312473346,321.18
2026-02-09,test,-3.45911949685535,0,0,0.12155578731027372,0,0.003104786664261008,-3.4675369239756235,310.07
2026-02-10,test,-0.6514657980455968,0,0,0.10018425967014183,0,0.003104786664261008,-0.5847457562484016,308.05
2026-02-11,test,-0.5615971433208953,0,0,0.12336481527345645,0,0.003104786664261008,-0.5073602738545161,306.32
2026-02-12,test,-1.909767563332452,0,0,0.12441931318004597,0,0.003104786664261008,-1.9237040651501327,300.47
2026-02-13,test,-1.9070123473225336,0,0,0.10711559408850928,0,0.003104786664261008,-1.9032135524089722,294.74
2026-02-16,test,-3.165501798195014,0,0,0.09432702317885724,0,0.003104786664261008,-3.1213337078716497,285.41
2026-02-17,test,2.8695560772222404,1,1,0.8458272835292869,1,0.9964849188500551,2.907120564780745,293.6
2026-02-18,test,1.324931880108987,1,1,0.8484558689799181,1,0.9964849188500551,1.4424092636033332,297.49
2026-02-19,test,-4.64553430367407,0,0,0.10962610325456426,0,0.003104786664261008,-4.724109217175856,283.67
2026-02-20,test,2.3760002820178405,1,1,0.8768663491851468,1,0.9964849188500551,2.3596545707250396,290.41
2026-02-23,test,-1.91453462346338,0,0,0.10514027660848484,0,0.003104786664261008,-1.8932906972686625,284.85
2026-02-24,test,0.252764612954176,1,1,0.8625574897832223,1,0.9964849188500551,0.2943020870966643,285.57
2026-02-25,test,-1.246629547921701,0,0,0.1371372962550428,0,0.003104786664261008,-1.2247540599489426,282.01
2026-02-26,test,1.7694407999716353,1,1,0.8610602462322151,1,0.9964849188500551,1.8378551687196882,287.0
2026-02-27,test,-1.2299651567944154,0,0,0.1272640758987341,0,0.003104786664261008,-1.1989154316366837,283.47
2026-03-02,test,-10.001058313049006,0,0,0.18224758154082948,0,0.003104786664261008,-7.754950346781562,255.12
2026-03-03,test,2.0500156788962127,1,1,0.8798432846244644,1,0.9964849188500551,2.107971244137445,260.35
2026-03-04,test,1.2329556366429728,1,1,0.8384427089826235,1,0.9964849188500551,1.2448225937415114,263.56
2026-03-05,test,8.241007740173005,1,1,0.8790311460605039,1,0.9964849188500551,8.373800422453847,285.28
2026-03-06,test,-3.326556365675811,0,0,0.1715409682256123,0,0.003104786664261008,-3.1435614636933775,275.79
2026-03-09,test,-1.2001885492584945,0,0,0.19510090294759574,0,0.003104786664261008,-1.1923092856215673,272.48
2026-03-10,test,5.916030534351147,1,1,0.889995325516127,1,0.9964849188500551,5.8865514151065925,288.6
2026-03-11,test,-1.8468468468468608,0,0,0.16785155453139977,0,0.003104786664261008,-1.8144036074629233,283.27
2026-03-12,test,-2.986549934691277,0,0,0.1962146233883653,0,0.003104786664261008,-2.9706494416140985,274.81
2026-03-13,test,-0.6258869764564707,0,0,0.16346273726855984,0,0.003104786664261008,-0.5368862169949157,273.09
2026-03-16,test,-4.112197444066045,0,0,0.142027306718847,0,0.003104786664261008,-4.066525212365023,261.86
2026-03-17,test,0.2978690903536136,1,1,0.8570038692355005,1,0.9964849188500551,0.31127934266142027,262.64
2026-03-18,test,6.514620773682613,1,1,0.8723935431497714,1,0.9964849188500551,6.592271787959209,279.75
2026-03-19,test,-1.1224307417336858,0,0,0.14414325258171018,0,0.003104786664261008,-1.025263755608818,276.61
2026-03-24,test,-0.0397671812298953,0,0,0.20789769917294873,0,0.003104786664261008,0.0012903096469608966,276.5
2026-03-25,test,1.8589511754068668,1,1,0.8813701381226927,1,0.9964849188500551,1.8619814225865041,281.64
2026-03-26,test,-2.666524641386164,0,0,0.1744268811530515,0,0.003104786664261008,-2.632915655719231,274.13
2026-03-27,test,-3.1043665414219497,0,0,0.2019968467072675,0,0.003104786664261008,-3.139210869416536,265.62
2026-03-30,test,-0.7981326707326273,0,0,0.1747642494267712,0,0.003104786664261008,-0.7564958486030063,263.5
2026-03-31,test,2.7096774193548336,1,1,0.8753488760079351,1,0.9964849188500551,2.7181182790802154,270.64
2026-04-01,test,3.118533845699083,1,1,0.8986691120981978,1,0.9964849188500551,3.082286790168242,279.08
2026-04-02,test,-2.726816683388261,0,0,0.14844721911699602,0,0.003104786664261008,-2.6347901400736657,271.47
2026-04-03,test,-0.3241610491030509,0,0,0.16384704406692388,0,0.003104786664261008,-0.2789907819901894,270.59
