Date,Price,Open,High,Low,Vol.,Change %
04/03/2026,270.59,270,277.4,266.21,4.51M,-0.32%
04/02/2026,271.47,272.99,273.49,267,3.35M,-2.73%
04/01/2026,279.08,278.44,284.89,276,7.65M,3.12%
03/31/2026,270.64,264,276.5,260,4.14M,2.71%
03/30/2026,263.5,265,272,250,6.62M,-0.80%
03/27/2026,265.62,270,271.75,262.75,8.37M,-3.10%
03/26/2026,274.13,279.99,281.5,272.3,5.01M,-2.67%
03/25/2026,281.64,278,283.98,277.5,5.68M,1.86%
03/24/2026,276.5,285,289.3,275,5.29M,-0.04%
03/19/2026,276.61,275.01,279.88,270.05,3.02M,-1.12%
03/18/2026,279.75,264,281.99,262.01,5.14M,6.51%
03/17/2026,262.64,264,268,256.6,3.05M,0.30%
03/16/2026,261.86,272.99,275.5,259.52,2.41M,-4.11%
03/13/2026,273.09,272.8,276.65,269,2.92M,-0.63%
03/12/2026,274.81,283.4,285.5,273.65,4.56M,-2.99%
03/11/2026,283.27,289.95,291.1,281.5,3.78M,-1.85%
03/10/2026,288.6,290,297.9,281.01,7.44M,5.92%
03/09/2026,272.48,267,275.4,253.26,6.82M,-1.20%
03/06/2026,275.79,284,285.98,273.5,5.94M,-3.33%
03/05/2026,285.28,266,288.55,266,8.15M,8.24%
03/04/2026,263.56,261.95,265.48,256.25,5.85M,1.23%
03/03/2026,260.35,255.5,266,250.02,7.42M,2.05%
03/02/2026,255.12,255.12,274,255.12,11.96M,-10.00%
02/27/2026,283.47,286,287.7,282,2.21M,-1.23%
02/26/2026,287,282.1,290,277.51,4.36M,1.77%
02/25/2026,282.01,286,287.95,280.01,2.20M,-1.25%
02/24/2026,285.57,285.01,292.01,278.98,7.32M,0.25%
02/23/2026,284.85,289.88,294.4,282.5,4.99M,-1.91%
02/20/2026,290.41,285.12,292.99,280.5,3.60M,2.38%
02/19/2026,283.67,298.89,298.89,279.5,4.48M,-4.65%
02/18/2026,297.49,295.56,299.98,291.5,5.13M,1.32%
02/17/2026,293.6,287,295.4,284.37,6.86M,2.87%
02/16/2026,285.41,295,296.35,281.51,14.89M,-3.17%
02/13/2026,294.74,297.01,298.42,289.5,14.03M,-1.91%
02/12/2026,300.47,307.9,307.9,294.6,8.21M,-1.91%
02/11/2026,306.32,309.51,311.9,305,2.09M,-0.56%
02/10/2026,308.05,310.99,312.5,307,2.69M,-0.65%
02/09/2026,310.07,325,325,306.21,12.79M,-3.46%
02/06/2026,321.18,329,329,315.8,6.35M,-2.32%
02/04/2026,328.8,329.02,331,326,1.78M,-0.07%
02/03/2026,329.02,328.97,332.5,327,4.33M,0.02%
02/02/2026,328.97,323.79,330.98,320.26,5.48M,1.56%
01/30/2026,323.93,325,329.5,318.6,6.71M,0.66%
01/29/2026,321.81,335.01,336,320.16,10.91M,-3.52%
01/28/2026,333.56,332.51,336.2,331.6,6.69M,1.04%
01/27/2026,330.12,326,333,323,7.15M,0.81%
01/26/2026,327.47,329,332.5,325,4.36M,-0.12%
01/23/2026,327.85,332.55,335,325,4.98M,-1.40%
01/22/2026,332.49,330,334,328.65,3.16M,0.37%
01/21/2026,331.26,334.1,336.6,330,8.14M,-0.79%
01/20/2026,333.9,333.5,334.89,328,7.15M,1.50%
01/19/2026,328.98,333.7,337.1,326,10.05M,-0.01%
01/16/2026,329,309.5,331.8,309.2,19.79M,6.75%
01/15/2026,308.2,305.4,311,302.32,8.79M,1.63%
01/14/2026,303.25,294.58,304.8,294.58,18.16M,2.94%
01/13/2026,294.58,289.88,295.01,288.45,6.37M,1.62%
01/12/2026,289.88,290.99,293,289.3,3.82M,-1.10%
01/09/2026,293.11,296.1,296.13,290.15,5.15M,-1.01%
01/08/2026,296.11,297.26,301.9,294,11.61M,0.08%
01/07/2026,295.87,293.44,298.5,290,19.92M,0.82%
01/06/2026,293.45,295.39,295.98,290.5,6.36M,-0.69%
01/05/2026,295.48,294.6,301.99,293.75,8.89M,0.42%
01/02/2026,294.24,288.99,299.5,288.5,11.02M,2.23%
01/01/2026,287.82,282,288.85,281.2,9.99M,2.39%
12/31/2025,281.09,280.89,283.94,279,5.92M,0.14%
12/30/2025,280.71,273.98,281.8,273.5,8.99M,2.61%
12/29/2025,273.57,271.25,274.49,270.39,4.28M,1.17%
12/26/2025,270.4,267.46,271,267.25,3.33M,1.10%
12/24/2025,267.46,265,268.68,265,1.48M,0.99%
12/23/2025,264.84,267,267.5,264.5,1.17M,-0.76%
12/22/2025,266.87,268.5,269,266,1.69M,-0.42%
12/19/2025,267.99,270,271.7,267.38,1.87M,-0.48%
12/18/2025,269.29,272,272,268.75,2.91M,-0.75%
12/17/2025,271.33,275.49,275.98,270,3.61M,-1.55%
12/16/2025,275.6,279.49,280.49,274.5,3.97M,-1.10%
12/15/2025,278.67,279.89,280.8,276.82,6.87M,1.29%
12/12/2025,275.11,273.35,275.99,271.25,4.32M,0.84%
12/11/2025,272.83,277.9,279.1,272.35,8.80M,0.97%
12/10/2025,270.21,273.5,273.75,269.8,3.00M,-0.80%
12/09/2025,272.4,275.99,276.95,271.26,4.11M,-0.71%
12/08/2025,274.36,274.65,278.2,273.5,5.50M,-0.08%
12/05/2025,274.58,273.87,276,271.25,6.62M,1.44%
12/04/2025,270.67,270.9,271.99,266.4,1.96M,0.49%
12/03/2025,269.34,270.6,270.6,264.91,2.66M,0.73%
12/02/2025,267.39,272.7,273.5,266.66,4.11M,-1.36%
12/01/2025,271.07,265.3,271.9,262,7.54M,2.21%
11/28/2025,265.21,261,266,261,9.01M,1.89%
11/27/2025,260.28,254.34,261.1,253.15,5.91M,2.63%
11/26/2025,253.62,249.64,255.5,246,4.16M,1.69%
11/25/2025,249.4,251,252.2,248.05,1.55M,-0.55%
11/24/2025,250.79,253,254,249.15,2.70M,-1.28%
11/21/2025,254.04,253.11,258.3,253.11,4.40M,-0.53%
11/20/2025,255.4,253.9,256.74,253.02,4.67M,1.64%
11/19/2025,251.29,246.89,253.9,245.42,4.97M,2.39%
11/18/2025,245.42,247.79,247.79,243.9,1.74M,-0.37%
11/17/2025,246.34,248.48,250.7,245.48,2.96M,-0.44%
11/14/2025,247.42,244.15,249,243.25,3.34M,1.76%
11/13/2025,243.15,241.25,243.88,240.7,2.37M,1.25%
11/12/2025,240.15,243.02,246.47,238.2,5.76M,-1.26%
11/11/2025,243.21,252.97,252.97,242.42,5.85M,-3.74%
11/10/2025,252.65,250.19,253.99,246.45,6.79M,2.69%
11/07/2025,246.04,244.7,247.5,242,3.22M,-0.91%
11/06/2025,248.3,251.97,252,247.37,3.48M,-1.02%
11/05/2025,250.87,255.06,255.99,249.25,3.46M,-1.29%
11/04/2025,254.16,257,257.32,252.3,3.05M,-1.23%
11/03/2025,257.32,259,259.9,256.9,3.41M,0.25%
10/31/2025,256.67,255,259.6,255,2.72M,1.13%
10/30/2025,253.8,260,260,253.06,2.43M,-1.08%
10/29/2025,256.58,258.8,260.2,255,4.01M,0.27%
10/28/2025,255.89,260.76,262.65,255,1.39M,-1.87%
10/27/2025,260.76,264.1,265.1,260,3.53M,-1.33%
10/24/2025,264.27,266.8,270.39,263.7,2.78M,-0.77%
10/23/2025,266.32,265,272.55,265,3.98M,-0.22%
10/22/2025,266.92,264.51,273.31,262.61,8.80M,0.87%
10/21/2025,264.63,260,268,260,6.00M,0.28%
10/20/2025,263.9,260.01,265.2,256.95,5.68M,2.20%
10/17/2025,258.21,259.95,262.3,257.1,6.47M,-0.26%
10/16/2025,258.88,260,262.8,257.5,4.53M,-0.68%
10/15/2025,260.64,267.4,267.4,258.8,4.52M,-1.36%
10/14/2025,264.23,255.99,265.1,254.11,7.82M,4.50%
10/13/2025,252.84,261,261.9,250,7.68M,-4.22%
10/10/2025,263.97,266,267.99,262.3,3.03M,-1.33%
10/09/2025,267.53,269,272.3,266.9,3.06M,-0.75%
10/08/2025,269.56,272,273.4,269,2.53M,-0.66%
10/07/2025,271.34,275,276.25,270.9,4.31M,-1.15%
10/06/2025,274.49,277,277,270.5,3.72M,-1.23%
10/03/2025,277.92,278.5,280.79,277,3.02M,-0.18%
10/02/2025,278.41,277.49,279.99,275.55,3.12M,0.62%
10/01/2025,276.69,278,280.5,275.9,6.11M,-0.19%
09/30/2025,277.23,282.7,284.8,276.12,9.77M,-1.52%
09/29/2025,281.5,282,282,278.06,4.92M,0.35%
09/26/2025,280.53,278,282.2,277.88,7.87M,0.95%
09/25/2025,277.88,282.86,284.7,276.2,10.97M,-1.76%
09/24/2025,282.86,285.8,287.74,281.45,13.70M,0.05%
09/23/2025,282.71,282.5,288,281,16.35M,0.74%
09/22/2025,280.64,278,284.1,277.94,9.75M,1.22%
09/19/2025,277.26,273,290,272.5,21.41M,1.89%
09/18/2025,272.12,274.4,274.4,271,4.16M,0.64%
09/17/2025,270.4,273.5,274.15,270,5.14M,-0.66%
09/16/2025,272.19,269,273.11,268.5,3.91M,1.37%
09/15/2025,268.52,268.98,271.25,267.5,2.59M,0.35%
09/12/2025,267.58,270.74,271.2,267,3.16M,-1.17%
09/11/2025,270.74,274,274.8,270.3,2.30M,-0.80%
09/10/2025,272.92,272.99,275.5,271.25,3.94M,-0.08%
09/09/2025,273.15,275.5,277.39,271,4.43M,-0.67%
09/08/2025,275,274.97,276.9,273,7.21M,0.74%
09/05/2025,272.98,270.7,274.8,268.55,11.59M,0.96%
09/04/2025,270.39,272.5,273.74,269.06,6.16M,-0.99%
09/03/2025,273.1,270,275.5,268.2,8.36M,1.40%
09/02/2025,269.32,271.97,272.78,268,6.92M,-0.38%
09/01/2025,270.35,264.31,272,264.2,10.45M,2.27%
08/29/2025,264.36,261.4,271.25,260,14.51M,1.19%
08/28/2025,261.24,260.53,262,259.9,2.20M,0.35%
08/27/2025,260.33,261,261.99,259.02,2.74M,-0.03%
08/26/2025,260.42,263.94,264.7,259.5,4.34M,-0.21%
08/25/2025,260.97,262.55,264.25,260.23,2.54M,-0.82%
08/22/2025,263.13,262,268.7,261.2,12.45M,0.83%
08/21/2025,260.97,259.01,262.15,255.55,9.48M,1.05%
08/20/2025,258.27,260,261,257,5.29M,-0.55%
08/19/2025,259.71,263.97,264.38,259,7.63M,-1.46%
08/18/2025,263.57,263.01,264.9,258.66,8.84M,0.38%
08/15/2025,262.58,270,271.65,261.01,8.77M,-2.57%
08/13/2025,269.5,272,274,268.18,11.22M,-0.75%
08/12/2025,271.54,278.5,279.35,269.4,15.70M,-2.00%
08/11/2025,277.09,269.96,278.5,267.46,12.02M,2.44%
08/08/2025,270.48,267.2,276.99,267.2,19.94M,1.27%
08/07/2025,267.08,263.02,269.88,263,16.98M,1.85%
08/06/2025,262.24,259.77,263.4,257.65,8.99M,1.20%
08/05/2025,259.14,260,264.5,256,12.66M,-0.42%
08/04/2025,260.22,265,269,259.12,17.82M,1.78%
08/01/2025,255.67,233.45,256.31,231.01,37.05M,9.72%
07/31/2025,233.01,228,238,228,24.21M,3.66%
07/30/2025,224.78,223.4,226,223.4,1.48M,0.33%
07/29/2025,224.04,226.99,227.48,222.05,1.83M,-1.36%
07/28/2025,227.13,227.1,229.1,223.51,9.30M,0.54%
07/25/2025,225.91,225.33,226.98,224.23,2.02M,0.26%
07/24/2025,225.33,227,228.7,225,1.88M,-0.40%
07/23/2025,226.23,228.4,231,225.52,4.49M,-0.18%
07/22/2025,226.63,222,229,221.01,6.60M,2.46%
07/21/2025,221.18,223.28,223.99,220.99,2.49M,-0.94%
07/18/2025,223.28,226,228.1,223,2.84M,-0.84%
07/17/2025,225.18,224.8,227.98,224.1,3.41M,0.36%
07/16/2025,224.37,223.8,226,222.85,2.36M,-0.03%
07/15/2025,224.43,227.5,228,224,2.30M,-1.18%
07/14/2025,227.11,228.84,229.2,226,2.39M,-0.34%
07/11/2025,227.89,227.05,229.01,226.1,2.76M,0.56%
07/10/2025,226.62,228.02,228.09,225.8,2.90M,-0.61%
07/09/2025,228.02,228.99,230,225.06,7.17M,-0.53%
07/08/2025,229.24,229.5,231.55,227.51,4.16M,0.04%
07/07/2025,229.14,227.28,230,226.51,3.42M,0.82%
07/04/2025,227.28,229.67,230,226.52,2.46M,-0.79%
07/03/2025,229.09,224.13,230,224,9.42M,2.77%
07/02/2025,222.92,222.45,223.99,221.31,4.66M,0.61%
07/01/2025,221.57,220.3,223,218.99,4.59M,0.46%
06/30/2025,220.56,224,224,220,4.32M,-0.28%
06/27/2025,221.19,217.5,226,216.75,9.56M,1.79%
06/26/2025,217.29,218,222.49,216.11,6.97M,-0.26%
06/25/2025,217.85,218.39,219.01,216.1,6.81M,-0.07%
06/24/2025,218.01,216,220.3,211,9.16M,6.94%
06/23/2025,203.86,210,210.5,202,4.60M,-3.95%
06/20/2025,212.25,211,215,210.11,2.71M,0.75%
06/19/2025,210.68,213.55,216.01,209.85,4.40M,-0.23%
06/18/2025,211.17,214.26,214.26,210.5,3.68M,-1.44%
06/17/2025,214.26,213,215.45,212,5.63M,0.57%
06/16/2025,213.05,209.4,214.4,209.4,4.64M,2.01%
06/13/2025,208.86,211,212.2,208.23,5.20M,-1.50%
06/12/2025,212.05,217,218.99,211.26,8.62M,-1.51%
06/11/2025,215.31,212.65,216.45,212.1,8.78M,2.37%
06/10/2025,210.32,210,211.39,209,1.19M,0.18%
06/05/2025,209.95,211.89,212.5,209.5,2.23M,-0.92%
06/04/2025,211.89,209.15,213.13,208.95,4.38M,1.31%
06/03/2025,209.15,208,210,207.25,1.91M,0.56%
06/02/2025,207.98,211.38,213.5,206.5,3.67M,-0.72%
05/30/2025,209.49,209.1,210.1,207.5,1.91M,0.15%
05/29/2025,209.17,210.47,211.15,208.8,2.26M,-0.11%
05/27/2025,209.41,209.25,210.9,208,4.44M,0.22%
05/26/2025,208.95,213,213.8,207.15,3.43M,-1.61%
05/23/2025,212.37,212.8,213.7,210.6,1.69M,0.22%
05/22/2025,211.9,213.74,216.5,210.45,5.09M,-0.86%
05/21/2025,213.74,210.3,214.5,209.5,4.45M,1.93%
05/20/2025,209.7,210.98,212,209.5,1.45M,-0.94%
05/19/2025,211.7,213,213.51,209.4,4.67M,0.09%
05/16/2025,211.5,214.89,214.89,211,2.62M,-1.04%
05/15/2025,213.73,213.05,215.9,211.35,6.85M,0.50%
05/14/2025,212.67,217.9,217.9,211.5,9.74M,-2.74%
05/13/2025,218.66,209,219.99,203.5,30.91M,7.71%
05/12/2025,203.01,203.01,203.01,202.9,3.45M,10.00%
05/09/2025,184.55,179.99,185.75,174.26,9.34M,2.88%
05/08/2025,179.39,197.77,200.48,176.97,10.63M,-8.77%
05/07/2025,196.63,190.11,201.99,190.11,8.43M,-3.10%
05/06/2025,202.93,200.9,207.9,200.02,5.94M,1.35%
05/05/2025,200.22,204,204,199.51,1.96M,-1.49%
05/02/2025,203.25,203,204.48,202.25,2.12M,1.43%
04/30/2025,200.38,207,207,197.1,5.33M,-3.58%
04/29/2025,207.81,206.12,209,204,2.66M,-0.09%
04/28/2025,208,212.37,213.55,207.5,1.71M,-2.06%
04/25/2025,212.37,212,213.7,207.21,4.09M,0.32%
04/24/2025,211.69,211.8,214,210,3.50M,-1.25%
04/23/2025,214.36,213.28,217.15,211.05,5.15M,0.51%
04/22/2025,213.28,212.49,214.99,211.5,2.07M,0.49%
04/21/2025,212.23,213.9,215,211.52,2.90M,-0.31%
04/18/2025,212.88,216.7,216.7,212.5,1.71M,-0.56%
04/17/2025,214.08,212.9,214.69,211.01,1.86M,1.12%
04/16/2025,211.7,216,217,210.1,3.20M,-1.22%
04/15/2025,214.32,212.9,216.8,211.56,5.79M,1.08%
04/14/2025,212.02,213.5,215,210.45,2.03M,-0.07%
04/11/2025,212.16,214.75,214.75,211.75,2.69M,-1.21%
04/10/2025,214.75,217,219,214,5.63M,2.99%
04/09/2025,208.52,212,213.8,205,5.51M,-2.96%
04/08/2025,214.89,215.99,218.15,214.05,6.19M,0.85%
04/07/2025,213.07,224,224,204.09,11.61M,-6.04%
04/04/2025,226.77,235,235.7,226.01,4.44M,-3.37%
04/03/2025,234.68,232.89,236,230.02,3.18M,0.84%
03/27/2025,232.73,233.44,233.99,230.4,2.61M,-0.01%
03/26/2025,232.75,233.01,235,228.25,8.94M,3.82%
03/25/2025,224.19,218.26,225,215.2,6.13M,2.76%
03/24/2025,218.17,228,228,216.3,3.95M,-4.04%
03/21/2025,227.35,226.8,229.15,226.5,3.22M,0.24%
03/20/2025,226.81,226.1,229.74,225.6,4.92M,0.59%
03/19/2025,225.48,223.5,226.98,221.5,4.16M,1.08%
03/18/2025,223.06,223.45,226.49,221.98,5.50M,0.76%
03/17/2025,221.38,218,223.4,218,4.23M,1.28%
03/14/2025,218.59,218.9,219.9,217.9,1.59M,0.14%
03/13/2025,218.28,217.24,219.8,216.75,3.10M,0.48%
03/12/2025,217.24,219.94,221.8,216.1,4.56M,-0.72%
03/11/2025,218.82,214.5,220,210.8,8.14M,1.89%
03/10/2025,214.77,216.75,219.9,213.01,6.10M,-4.05%
03/07/2025,223.84,223.57,228,222.75,8.87M,0.57%
03/06/2025,222.58,212.9,224,211.62,18.05M,4.54%
03/05/2025,212.91,213.49,214.75,212.55,2.30M,-0.19%
03/04/2025,213.32,211.5,213.5,211.5,1.63M,0.74%
03/03/2025,211.76,212.65,214,211.22,1.57M,-0.39%
02/28/2025,212.59,213,214.75,211.55,5.00M,0.23%
02/27/2025,212.11,208.2,214.15,208.2,4.50M,1.55%
02/26/2025,208.88,212.9,214,208.11,2.76M,-2.09%
02/25/2025,213.33,211.67,218,211.67,8.38M,1.41%
02/24/2025,210.37,202.51,211.75,201,6.34M,3.76%
02/21/2025,202.75,205.1,205.51,202,825.16K,-1.01%
02/20/2025,204.81,204.8,208.5,204,3.83M,0.00%
02/19/2025,204.8,206.55,207.5,203.45,1.32M,-0.46%
02/18/2025,205.74,200.9,206.27,199,2.12M,3.16%
02/17/2025,199.44,202.85,202.85,199,939.28K,-1.20%
02/14/2025,201.86,206.44,208,201,1.33M,-2.21%
02/13/2025,206.43,209.1,212.6,205.85,2.87M,-1.28%
02/12/2025,209.1,208.19,210.37,206.01,2.90M,0.44%
02/11/2025,208.19,202.19,210.11,201.52,7.36M,3.59%
02/10/2025,200.97,198.5,202.89,196.4,2.12M,1.24%
02/07/2025,198.51,196.5,199.99,195.52,2.35M,1.57%
02/06/2025,195.44,200.01,200.7,192.15,6.28M,-2.22%
02/04/2025,199.88,203,204.3,198.5,2.90M,-1.39%
02/03/2025,202.69,209,209,202.05,1.83M,-1.85%
01/31/2025,206.51,207,210.9,205.65,3.99M,-0.17%
01/30/2025,206.87,204,208,203,4.30M,1.79%
01/29/2025,203.24,204,205.97,201.1,3.82M,-0.18%
01/28/2025,203.6,208.5,208.5,201.23,5.22M,-2.63%
01/27/2025,209.11,213,213.55,208.9,2.90M,-1.56%
01/24/2025,212.43,214.75,216.5,211.8,2.14M,-0.69%
01/23/2025,213.91,214,218,212.5,3.08M,-0.04%
01/22/2025,213.99,218,219,213,3.25M,-1.94%
01/21/2025,218.23,222.1,225.25,217.01,3.40M,-1.94%
01/20/2025,222.54,223,225.85,222.01,3.84M,0.28%
01/17/2025,221.91,218,223.3,216.75,4.63M,1.44%
01/16/2025,218.75,222.49,222.5,218.01,2.70M,-1.36%
01/15/2025,221.77,222.99,226.23,219.4,5.71M,-0.17%
01/14/2025,222.15,225.88,225.88,221,3.37M,-1.23%
01/13/2025,224.91,227.2,228.75,222.2,7.65M,-0.02%
01/10/2025,224.96,212.4,230,209.09,10.28M,5.60%
01/09/2025,213.03,213.5,216.9,208.11,5.56M,0.04%
01/08/2025,212.95,220,223,211.5,4.03M,-2.49%
01/07/2025,218.38,213.56,219.49,205.8,6.98M,2.26%
01/06/2025,213.56,223.99,224.89,210.1,6.18M,-3.84%
01/03/2025,222.08,224.25,224.25,218.01,3.51M,-1.07%
01/02/2025,224.49,229.15,231.25,222.1,5.67M,-1.75%
01/01/2025,228.5,225.6,230,223.01,5.27M,0.88%
12/31/2024,226.51,234.99,234.99,226.02,8.60M,0.63%
12/30/2024,225.1,223.45,227.2,222.3,5.80M,1.17%
12/27/2024,222.49,218,225.4,216.55,5.77M,2.29%
12/26/2024,217.5,232,232,217.5,9.13M,-5.43%
12/24/2024,230,233.9,255.4,227,23.06M,-1.50%
12/23/2024,233.5,216.99,234,215.49,14.96M,8.35%
12/20/2024,215.5,210,216.49,206.51,6.06M,3.11%
12/19/2024,209,221.9,224,209,14.17M,-5.13%
12/18/2024,220.3,228,233,217,13.98M,-0.77%
12/17/2024,222,235.4,235.99,216.75,9.57M,-5.69%
12/16/2024,235.4,225.25,235.5,225.25,12.69M,5.09%
12/13/2024,224,214.12,225,213,17.02M,5.66%
12/12/2024,212,206.41,214.99,206.41,20.63M,3.21%
12/11/2024,205.4,194,206.9,193.7,17.78M,6.26%
12/10/2024,193.3,198,198.4,190.35,5.33M,-2.18%
12/09/2024,197.6,194.86,199.27,193,6.76M,1.62%
12/06/2024,194.45,198.2,198.9,194.01,3.28M,-1.55%
12/05/2024,197.52,193.5,198.2,192.3,8.15M,2.29%
12/04/2024,193.1,192.1,193.8,190.5,4.67M,0.31%
12/03/2024,192.5,191.5,193.25,188.7,6.05M,0.00%
12/02/2024,192.5,195.25,202.89,190.2,19.61M,-1.03%
11/29/2024,194.5,194,197.75,190.75,7.95M,0.03%
11/28/2024,194.45,188.89,194.85,188.8,11.21M,2.83%
11/27/2024,189.09,190,190.55,184,7.51M,4.90%
11/26/2024,180.25,192,192,177.75,8.46M,-6.65%
11/25/2024,193.09,194.01,195.5,192,4.09M,-0.92%
11/22/2024,194.88,198.96,203.25,193.6,8.79M,-1.92%
11/21/2024,198.7,194.99,201.5,193.7,9.21M,1.95%
11/20/2024,194.9,195.98,198.8,193,6.02M,-0.13%
11/19/2024,195.15,194.5,196.5,194.1,2.65M,0.46%
11/18/2024,194.25,194,195.9,191.45,3.20M,0.22%
11/15/2024,193.83,194.7,198,193.3,6.61M,-0.35%
11/14/2024,194.52,191,196.61,191,8.13M,2.38%
11/13/2024,190,194.69,195.89,188.96,6.48M,-2.30%
11/12/2024,194.48,199.5,199.5,193.2,6.02M,-2.27%
11/11/2024,199,191.8,199.5,191.8,10.98M,3.54%
11/08/2024,192.2,183.05,193.5,181.5,10.75M,5.03%
11/07/2024,183,178.52,184.1,178.52,7.98M,2.23%
11/06/2024,179,182.1,182.5,177.9,8.02M,-2.05%
11/05/2024,182.75,180.45,185.8,180.15,10.14M,0.71%
11/04/2024,181.47,181.49,182.5,176.51,9.47M,0.70%
11/01/2024,180.2,171.99,181,170.11,14.11M,4.62%
10/31/2024,172.25,174.05,175,170.53,4.57M,-1.23%
10/30/2024,174.4,176.28,181.15,172.5,9.31M,-0.85%
10/29/2024,175.9,175,176,172.89,4.84M,0.98%
10/28/2024,174.2,176.5,180.1,174,7.32M,-1.58%
10/25/2024,177,177.1,182.8,173,22.42M,0.43%
10/24/2024,176.25,169.48,177.75,169.2,10.91M,4.30%
10/23/2024,168.99,167.4,169.8,166.06,4.64M,1.19%
10/22/2024,167,166.5,169.42,166.5,3.32M,0.24%
10/21/2024,166.6,165.5,167.55,165.5,2.24M,1.09%
10/18/2024,164.8,168.54,168.54,164.5,2.32M,-1.82%
10/17/2024,167.85,170,171.25,167.51,2.50M,-1.09%
10/16/2024,169.7,167,170.85,167,6.09M,-0.06%
10/15/2024,169.8,167,171.25,164,4.93M,1.68%
10/14/2024,167,169.99,170,166.8,3.00M,-1.47%
10/11/2024,169.5,171,175.1,168.21,5.64M,-0.99%
10/10/2024,171.2,169.5,173.25,168,8.15M,1.09%
10/09/2024,169.35,172,174.54,168.95,7.20M,-1.37%
10/08/2024,171.7,169.1,174.54,168.5,16.68M,1.48%
10/07/2024,169.19,154.99,169.8,154.6,20.72M,9.52%
10/04/2024,154.49,150,155.8,149.02,11.58M,2.99%
10/03/2024,150,148.45,150,147.9,5.35M,1.35%
10/02/2024,148,145.2,148.45,144.71,5.43M,1.58%
10/01/2024,145.7,143.8,146.75,142.71,5.72M,1.25%
09/30/2024,143.9,144.46,144.6,142.5,2.60M,-0.07%
09/27/2024,144,143.75,144.59,142.8,3.49M,0.70%
09/26/2024,143,145.5,146.2,142.95,9.86M,-1.16%
09/25/2024,144.68,139.8,144.85,139.06,12.71M,3.71%
09/24/2024,139.51,139.44,140.2,136.8,7.70M,0.19%
09/23/2024,139.25,141.98,144,137.2,23.08M,-1.42%
09/20/2024,141.25,145.99,146.39,140.3,29.41M,-3.02%
09/19/2024,145.65,142.95,148,142.05,11.44M,2.01%
09/18/2024,142.78,141.4,143.44,140.75,4.28M,1.22%
09/16/2024,141.06,142,144.5,140.45,6.93M,-0.80%
09/13/2024,142.2,140.11,144.4,139.41,14.13M,2.67%
09/12/2024,138.5,137.06,139.5,137,5.11M,0.97%
09/11/2024,137.17,136,137.83,134.6,4.19M,1.05%
09/10/2024,135.75,136.44,136.74,135,1.68M,-0.47%
09/09/2024,136.39,137.3,138.7,136,2.07M,-0.26%
09/06/2024,136.75,137.25,137.89,136.5,1.32M,-0.36%
09/05/2024,137.25,137.69,138.65,136.45,3.49M,-0.15%
09/04/2024,137.45,134.6,138.7,134.6,13.00M,2.38%
09/03/2024,134.25,133.5,134.7,133.5,1.14M,0.57%
09/02/2024,133.49,133.25,136,132.16,3.10M,0.60%
08/30/2024,132.7,133.05,134.4,132.6,1.30M,-0.23%
08/29/2024,133,132.53,133.47,131.92,1.14M,0.33%
08/28/2024,132.56,133.56,133.56,132.5,781.53K,-0.44%
08/27/2024,133.15,135.51,136.47,132.91,3.20M,-0.97%
08/26/2024,134.45,135.89,136,134,1.16M,-0.41%
08/23/2024,135.01,135.02,136.3,134.3,2.54M,0.01%
08/22/2024,135,134.6,136.85,134.01,4.25M,0.82%
08/21/2024,133.9,134,134.98,133,2.92M,0.83%
08/20/2024,132.8,132.25,133.24,131.51,942.04K,0.84%
08/19/2024,131.7,132.75,133.65,131.6,1.73M,0.17%
08/16/2024,131.48,132.51,133.35,131.1,2.12M,-0.77%
08/15/2024,132.5,134.4,135.75,132,4.16M,-0.90%
08/13/2024,133.7,133.54,135,132.78,2.67M,0.23%
08/12/2024,133.39,135,137.1,133.1,4.63M,-1.51%
08/09/2024,135.44,140.4,141.11,135.2,8.58M,-2.70%
08/08/2024,139.2,129.7,139.98,129,24.26M,7.57%
08/07/2024,129.4,130,131.2,128.85,2.21M,0.12%
08/06/2024,129.25,131,132,129.05,2.30M,0.20%
08/05/2024,128.99,131.49,134.7,128.85,6.77M,-1.08%
08/02/2024,130.4,129.21,131.5,128.51,1.24M,0.93%
08/01/2024,129.2,129.96,130.24,128.05,952.49K,0.11%
07/31/2024,129.06,131.79,132.15,129.05,1.13M,-2.09%
07/30/2024,131.81,133.5,134.42,130.52,3.52M,-0.63%
07/29/2024,132.65,129.04,134.69,129.04,5.90M,2.75%
07/26/2024,129.1,131.3,132.6,128.29,3.54M,-1.38%
07/25/2024,130.9,132,132.47,130.7,1.14M,-0.76%
07/24/2024,131.9,132.2,132.88,131.3,1.29M,0.08%
07/23/2024,131.8,130,132.2,129.99,2.33M,1.62%
07/22/2024,129.7,133.75,133.75,129,3.76M,-3.32%
07/19/2024,134.15,137.25,137.65,133.3,5.12M,-2.16%
07/18/2024,137.11,133.25,137.48,132.7,8.53M,3.40%
07/15/2024,132.6,133,134.8,132.13,3.88M,1.42%
07/12/2024,130.74,133,133.15,129.05,3.42M,-1.62%
07/11/2024,132.89,133,134.79,132.5,3.39M,-0.53%
07/10/2024,133.6,134.51,134.88,131.95,3.92M,-0.51%
07/09/2024,134.29,134.25,135.39,133.9,3.30M,0.52%
07/08/2024,133.6,133.8,134.5,132.5,3.07M,0.53%
07/05/2024,132.9,135,135.48,132.5,5.33M,-1.77%
07/04/2024,135.3,137.4,138.64,134.6,4.90M,-1.02%
07/03/2024,136.7,136,139.2,136,7.03M,0.51%
07/02/2024,136,136.01,137.3,135.25,4.77M,0.28%
07/01/2024,135.62,135,137.37,134.25,8.32M,0.35%
06/28/2024,135.15,137,137.38,134.9,4.87M,-0.85%
06/27/2024,136.31,135.99,138,135,16.93M,1.11%
06/26/2024,134.81,129,138.4,127.27,27.46M,4.67%
06/25/2024,128.8,131.9,131.9,128.76,3.20M,-2.49%
06/24/2024,132.09,134,134.7,131.01,4.31M,-0.92%
06/21/2024,133.31,135.8,135.8,132.65,4.95M,-1.26%
06/20/2024,135.01,131.7,135.25,131.65,8.40M,2.51%
06/14/2024,131.7,131.99,133.95,130.5,11.10M,1.90%
06/13/2024,129.25,122,129.25,121.4,17.61M,8.44%
06/12/2024,119.19,118.5,120.35,118.5,4.62M,-0.18%
06/11/2024,119.4,123,123,118.31,5.62M,-1.65%
06/10/2024,121.4,123.78,123.85,120.26,3.38M,-1.78%
06/07/2024,123.6,124.99,124.99,120.36,6.55M,-1.11%
06/06/2024,124.99,126.64,128.6,124.5,4.73M,-1.30%
06/05/2024,126.64,129.5,129.9,126.45,3.74M,-1.75%
06/04/2024,128.89,132.52,132.8,128.85,5.74M,-2.59%
06/03/2024,132.32,133.99,134,131.9,3.16M,-1.03%
05/31/2024,133.7,132.8,134.25,131.7,5.36M,0.68%
05/30/2024,132.8,133.5,133.5,131,6.99M,-0.04%
05/29/2024,132.85,136.96,136.96,131.5,9.77M,-2.90%
05/27/2024,136.82,139.5,139.5,136.7,2.71M,-1.57%
05/24/2024,139,141,141.1,138.8,5.80M,-0.39%
05/23/2024,139.55,136.02,140.45,135.51,15.11M,2.23%
05/22/2024,136.5,135,137.69,134.75,4.40M,1.11%
05/21/2024,135,136.02,137.1,134.8,2.29M,-1.03%
05/20/2024,136.4,138.25,138.25,135.65,3.68M,-1.30%
05/17/2024,138.2,138,139.19,137,2.60M,0.22%
05/16/2024,137.9,139.8,140.29,137.71,3.34M,-0.86%
05/15/2024,139.1,140,142,138.7,13.25M,-0.57%
05/14/2024,139.9,135.6,140.1,134.75,18.22M,3.78%
05/13/2024,134.8,133.99,137.33,132.7,8.98M,0.79%
05/10/2024,133.75,134.1,135.99,133.5,3.47M,0.21%
05/09/2024,133.47,133.21,134.75,132.79,2.60M,-0.17%
05/08/2024,133.7,133,135.1,133,10.02M,-0.74%
05/07/2024,134.69,136.4,136.8,134.3,6.65M,-1.40%
05/06/2024,136.6,139.1,140.5,136.35,11.67M,-0.83%
05/03/2024,137.75,133.25,139.5,132.01,16.08M,3.89%
05/02/2024,132.59,133.62,135.25,131.63,7.31M,-0.68%
04/30/2024,133.5,134.11,137.85,133.01,13.58M,-0.72%
04/29/2024,134.47,137.9,138.3,133.92,5.41M,-1.88%
04/26/2024,137.05,137.35,139.4,135.36,7.24M,0.08%
04/25/2024,136.94,135,137.5,133.25,8.80M,1.55%
04/24/2024,134.85,134,135.6,133.79,4.95M,0.75%
04/23/2024,133.85,135.8,135.87,133.5,3.46M,-1.22%
04/22/2024,135.5,134,138,132.2,12.88M,1.12%
04/19/2024,134,132.56,135.39,131.15,8.42M,1.28%
04/18/2024,132.3,131.8,133.8,129.79,7.64M,0.92%
04/17/2024,131.1,132.97,132.97,131,4.28M,-1.80%
04/16/2024,133.5,134.05,136.6,133.03,10.71M,-0.45%
04/15/2024,134.1,129.99,134.7,127.4,15.72M,4.36%
04/09/2024,128.5,128.5,129.9,127,4.87M,0.16%
04/08/2024,128.3,126.45,129.4,126.45,5.87M,2.39%
04/04/2024,125.3,125.6,128.99,125.02,7.92M,2.12%
04/03/2024,122.7,119.5,123,118.76,5.59M,3.24%
04/02/2024,118.85,120,120,118.25,2.00M,-0.48%
04/01/2024,119.42,121.4,122.4,119,1.84M,-1.59%
03/29/2024,121.35,123.02,123.5,121.2,2.79M,-1.28%
03/28/2024,122.92,122.8,123.7,121.85,4.20M,0.18%
03/27/2024,122.7,123.21,123.73,122.21,4.51M,0.09%
03/26/2024,122.59,121.6,124.39,121.16,20.90M,1.11%
03/25/2024,121.25,121.9,124.78,120.7,16.00M,3.01%
03/22/2024,117.71,119.8,119.85,117.26,3.52M,-1.27%
03/21/2024,119.22,122.03,123,119.2,4.60M,-2.28%
03/20/2024,122,123.12,124.85,121.11,5.33M,-0.73%
03/19/2024,122.9,123,124.99,122.03,4.30M,-0.28%
03/18/2024,123.25,124.05,125.4,122.71,3.15M,-0.80%
03/15/2024,124.25,128.15,128.97,123,8.02M,-2.32%
03/14/2024,127.2,122.52,127.5,122.52,3.55M,3.58%
03/13/2024,122.8,124.65,125,120.51,4.04M,-0.97%
03/12/2024,124,128.05,128.49,123,4.05M,-2.94%
03/11/2024,127.75,130,130.35,127.5,4.23M,-1.28%
03/08/2024,129.4,130,130.8,128.5,6.23M,-1.47%
03/07/2024,131.33,128,131.9,127.85,9.80M,2.59%
03/06/2024,128.02,127.11,131.65,127.11,11.20M,0.02%
03/05/2024,127.99,133.49,133.49,127.25,10.47M,-3.46%
03/04/2024,132.58,125,132.58,124.3,20.95M,6.96%
03/01/2024,123.95,125.34,125.79,122.99,4.79M,-1.08%
02/29/2024,125.3,123.25,127.86,123.25,10.85M,1.58%
02/28/2024,123.35,120,124.71,120,6.72M,2.45%
02/27/2024,120.4,125.44,125.55,120.25,10.00M,-4.15%
02/26/2024,125.61,125.89,129.75,124.01,14.94M,0.14%
02/23/2024,125.44,116,125.44,116,16.62M,7.67%
02/22/2024,116.5,117.5,118.4,115.51,5.78M,-0.60%
02/21/2024,117.2,116.99,118.44,114.5,6.51M,3.40%
02/20/2024,113.35,116.51,118.74,112.1,10.49M,-2.30%
02/19/2024,116.02,104.5,116.02,104.5,12.16M,7.63%
02/16/2024,107.8,112.8,116.2,105.72,20.69M,-5.02%
02/15/2024,113.5,123.5,123.9,113.15,12.07M,-6.81%
02/14/2024,121.8,125.52,128,117,32.23M,-1.88%
02/13/2024,124.14,124.14,126.49,124.14,14.95M,-7.50%
02/12/2024,134.2,140,141,134.2,14.94M,-7.78%
02/09/2024,145.52,146,148.3,139.37,18.93M,-3.62%
02/07/2024,150.99,156,157.4,150.1,24.95M,-3.21%
02/06/2024,156,150.15,158.59,150.15,23.12M,5.62%
02/02/2024,147.7,145.1,149.5,141.3,13.58M,2.21%
02/01/2024,144.5,135.89,145.1,134.7,16.99M,7.02%
01/31/2024,135.02,135.9,138.5,134.65,6.01M,0.76%
01/30/2024,134,137.97,140,130.05,17.14M,-2.44%
01/29/2024,137.35,140.5,140.79,136.5,7.10M,-2.32%
01/26/2024,140.61,135.01,143.2,133.88,31.07M,4.21%
01/25/2024,134.93,143.88,148.85,134.93,49.68M,-6.56%
01/24/2024,144.4,136,146.74,134.8,33.65M,5.80%
01/23/2024,136.48,134.94,138.9,127.2,52.95M,2.21%
01/22/2024,133.53,124.5,133.53,124.5,16.63M,7.25%
01/19/2024,124.5,124.9,125.98,123.2,2.99M,0.32%
01/18/2024,124.1,125.9,125.9,122.5,6.66M,-1.60%
01/17/2024,126.12,125,128.52,123.55,10.10M,-0.06%
01/16/2024,126.19,129.23,129.87,126.01,9.85M,-2.56%
01/15/2024,129.51,128.6,133.8,128.51,18.59M,1.50%
01/12/2024,127.6,128.5,129.5,125.9,16.50M,0.24%
01/11/2024,127.3,123.5,128.45,122.9,11.34M,3.93%
01/10/2024,122.49,122.75,126.7,122,18.03M,0.32%
01/09/2024,122.1,124.44,125,121.81,4.62M,-0.89%
01/08/2024,123.2,125.21,125.8,123.05,2.82M,-1.40%
01/05/2024,124.95,125.6,127.35,121,7.66M,-0.60%
01/04/2024,125.7,128,128.4,123.95,7.83M,-1.33%
01/03/2024,127.4,124,128.1,122.2,17.71M,3.67%
01/02/2024,122.89,124,126.7,121.51,24.57M,1.66%
01/01/2024,120.88,113,120.88,113,10.26M,7.83%
12/29/2023,112.1,110.54,115.9,109.7,10.44M,1.54%
12/28/2023,110.4,108.25,112,107.51,12.29M,3.15%
12/27/2023,107.03,104.9,107.99,104,8.31M,1.79%
12/26/2023,105.15,113,113.1,105.09,10.52M,-7.15%
12/22/2023,113.25,116.9,117,112.86,4.20M,-3.21%
12/21/2023,117,115.2,117.09,113.6,9.37M,1.92%
12/20/2023,114.8,118.05,119.2,112.02,13.74M,-1.45%
12/19/2023,116.49,124,124,115.2,11.78M,-5.76%
12/18/2023,123.61,127.75,127.75,123.5,6.70M,-1.66%
12/15/2023,125.7,127.4,128.75,124.8,17.09M,-0.55%
12/14/2023,126.4,123,127,120.4,12.36M,3.36%
12/13/2023,122.29,127.85,128.9,120.25,18.90M,-2.40%
12/12/2023,125.3,125.25,126.85,124.81,9.14M,0.16%
12/11/2023,125.1,124.5,127,121.76,11.19M,-0.48%
12/08/2023,125.7,124,126.47,122.25,17.92M,3.46%
12/07/2023,121.5,121.99,124.5,120.29,17.18M,0.40%
12/06/2023,121.01,121.98,124.7,119.99,28.69M,-0.49%
12/05/2023,121.61,115.9,122.9,113.3,31.15M,5.29%
12/04/2023,115.5,111.24,117.85,111.24,23.81M,3.96%
12/01/2023,111.1,109.11,111.1,108.8,8.58M,1.93%
11/30/2023,109,108.9,109.39,107.8,5.56M,0.74%
11/29/2023,108.2,108.91,110.55,107.55,11.78M,-1.05%
11/28/2023,109.35,109.02,110.15,107.6,12.90M,0.88%
11/27/2023,108.4,108.02,109.5,106.8,8.52M,0.42%
11/24/2023,107.95,108.7,109.95,107.2,9.87M,0.14%
11/23/2023,107.8,110.99,111.72,107.25,12.04M,-2.44%
11/22/2023,110.5,108.5,111.65,108.15,9.96M,1.85%
11/21/2023,108.49,109.99,110.7,107.9,5.27M,-1.10%
11/20/2023,109.7,111,111.3,109.5,4.72M,-0.90%
11/17/2023,110.7,114.4,114.48,110.1,13.82M,-2.64%
11/16/2023,113.7,108,114.7,106.53,28.73M,5.87%
11/15/2023,107.4,104.25,107.9,103.71,18.99M,3.77%
11/14/2023,103.5,103.32,103.98,102,10.52M,-0.12%
11/13/2023,103.62,104.01,105,103.06,12.99M,-0.11%
11/10/2023,103.73,102,104.8,101.75,17.30M,1.31%
11/08/2023,102.39,101.55,103.09,101.11,12.28M,0.74%
11/07/2023,101.64,102.02,103,101.4,12.02M,-0.06%
11/06/2023,101.7,101.6,102.05,100.5,7.41M,0.25%
11/03/2023,101.45,100.6,101.77,99.95,8.75M,1.05%
11/02/2023,100.4,100.99,101.9,99.2,8.19M,-0.28%
11/01/2023,100.68,100.75,103.2,100.25,11.17M,0.18%
10/31/2023,100.5,102.01,102.01,100.11,7.54M,0.50%
10/30/2023,100,99.49,100.89,98.75,5.02M,1.04%
10/27/2023,98.97,100.4,100.69,98.8,4.52M,-1.13%
10/26/2023,100.1,101.3,101.6,99.8,7.39M,-0.60%
10/25/2023,100.7,101.51,102.76,100.2,13.95M,-0.30%
10/24/2023,101,102.6,102.75,99.51,13.02M,-1.15%
10/23/2023,102.18,97.9,104.37,97.7,27.50M,5.56%
10/20/2023,96.8,97.89,97.9,96.45,5.64M,-0.61%
10/19/2023,97.39,93.55,98.5,93.55,18.11M,4.16%
10/18/2023,93.5,95.01,95.38,93.45,4.37M,-1.58%
10/17/2023,95,97,97,94.7,5.15M,-3.77%
10/16/2023,98.72,99.4,100.7,97.7,5.47M,0.02%
10/13/2023,98.7,97.09,100.25,96.91,12.28M,1.49%
10/12/2023,97.25,97.15,98.35,96.8,7.86M,0.26%
10/11/2023,97,95.51,97.1,95.51,5.90M,1.57%
10/10/2023,95.5,95.51,96.19,95.1,3.33M,0.00%
10/09/2023,95.5,95.15,96.44,94.99,3.01M,-0.42%
10/06/2023,95.9,97.06,97.4,95.52,5.48M,-1.53%
10/05/2023,97.39,98,98.44,96.9,4.93M,-0.72%
10/04/2023,98.1,98,99,97.86,5.10M,-0.15%
10/03/2023,98.25,99.73,100.4,98.13,9.90M,-1.25%
10/02/2023,99.49,96.5,99.72,96.5,17.02M,3.10%
09/28/2023,96.5,98.5,98.5,96.1,10.87M,-1.65%
09/27/2023,98.12,96.19,98.25,95.5,6.83M,2.11%
09/26/2023,96.09,96.04,96.8,95.75,1.85M,-0.57%
09/25/2023,96.64,96.4,96.9,95.75,3.13M,0.56%
09/22/2023,96.1,95.94,96.69,94.9,2.73M,0.51%
09/21/2023,95.61,95,95.93,93.75,2.11M,0.64%
09/20/2023,95,96.2,96.47,94.65,1.88M,-1.09%
09/19/2023,96.05,95.7,96.79,95.26,3.01M,0.73%
09/18/2023,95.35,94.99,95.65,94.65,1.52M,0.78%
09/15/2023,94.61,95.9,96.4,94.35,4.69M,0.44%
09/14/2023,94.2,93.9,94.35,93.8,1.36M,0.43%
09/13/2023,93.8,93.15,94.68,93.15,2.63M,0.48%
09/12/2023,93.35,94.99,94.99,92.9,3.44M,-2.76%
09/11/2023,96,96.4,96.99,95.09,6.30M,-0.41%
09/08/2023,96.4,95.5,96.44,94.6,4.33M,1.53%
09/07/2023,94.95,95.15,96.85,94.11,7.84M,-0.37%
09/06/2023,95.3,94.49,95.7,93.2,4.24M,1.49%
09/05/2023,93.9,95.8,95.95,93.54,3.94M,-1.68%
09/04/2023,95.5,95.2,95.98,95.03,2.75M,0.95%
09/01/2023,94.6,93.5,94.75,92.15,4.13M,0.75%
08/31/2023,93.9,94.5,96.23,88.1,17.49M,0.21%
08/30/2023,93.7,95.56,96.93,93.01,6.72M,-1.48%
08/29/2023,95.11,96.3,97.3,93.85,6.32M,-2.10%
08/28/2023,97.15,99.01,99.5,96.75,5.01M,-2.17%
08/25/2023,99.3,100.49,100.49,98.85,6.37M,-1.29%
08/24/2023,100.6,100.5,101.95,100.2,12.76M,0.10%
08/23/2023,100.5,100.5,100.79,98.55,16.05M,0.65%
08/22/2023,99.85,96,100,96,13.63M,3.72%
08/21/2023,96.27,98,98.99,96.01,7.31M,-2.81%
08/18/2023,99.05,100.01,102.44,98.63,19.81M,-0.70%
08/17/2023,99.75,98.6,99.89,96.8,9.37M,1.53%
08/16/2023,98.25,101,101,97.8,10.96M,-3.11%
08/15/2023,101.4,104,104,100.9,12.07M,-1.79%
08/11/2023,103.25,101.5,106.2,100.55,22.57M,-0.05%
08/10/2023,103.3,107.02,107.49,99.11,22.03M,-1.80%
08/09/2023,105.19,97,105.19,96,37.78M,7.72%
08/08/2023,97.65,104,104,97.65,27.79M,-6.65%
08/07/2023,104.61,109,111.5,104.35,26.01M,-3.05%
08/04/2023,107.9,104,108.8,103.99,28.00M,2.76%
08/03/2023,105,105.2,107.7,103.11,24.52M,0.01%
08/02/2023,104.99,98.05,105,97.9,28.37M,7.57%
08/01/2023,97.6,101,101.48,97.2,14.89M,2.36%
07/31/2023,95.35,93,98.55,93,22.46M,2.16%
07/27/2023,93.33,86.99,93.33,86.99,28.51M,7.52%
07/26/2023,86.8,87.5,87.8,86.6,4.73M,-0.45%
07/25/2023,87.19,85.75,87.89,85.52,13.06M,2.04%
07/24/2023,85.45,86,87,84.8,4.83M,0.53%
07/21/2023,85,86.4,86.53,85.03,5.46M,-1.37%
07/20/2023,86.18,84.88,86.25,84.36,7.30M,2.17%
07/19/2023,84.35,84.65,85.52,84.02,7.91M,0.40%
07/18/2023,84.01,85.24,85.4,83.9,2.57M,-0.93%
07/17/2023,84.8,85.5,85.85,84.7,4.24M,-0.59%
07/14/2023,85.3,86.9,86.9,85.07,2.12M,-1.44%
07/13/2023,86.55,87.98,88.25,86.5,10.86M,-1.31%
07/12/2023,87.7,86.5,87.73,85.61,10.79M,1.98%
07/11/2023,86,85.06,86.5,84.2,8.87M,1.76%
07/10/2023,84.51,85.6,85.9,84.31,4.91M,-1.76%
07/07/2023,86.02,86.2,86.5,85,2.28M,-0.09%
07/06/2023,86.1,84,86.95,84,11.51M,2.50%
07/05/2023,84,85.9,86.25,83.59,6.01M,-2.89%
07/04/2023,86.5,87.5,87.5,84.5,18.36M,3.16%
07/03/2023,83.85,83.85,83.85,83.85,1.14M,7.71%
06/27/2023,77.85,77.12,78.85,76.5,10.93M,-0.19%
06/26/2023,78,76,77.85,76,8.15M,4.78%
06/23/2023,74.44,75,75,73.8,2.05M,-29.10%
06/22/2023,105,74.38,75,73.9,1.01M,41.91%
06/21/2023,73.99,75.5,75.65,73.75,3.49M,-1.36%
06/20/2023,75.01,74,75.24,73.3,4.48M,1.23%
06/19/2023,74.1,76.5,76.7,73.1,3.96M,-2.24%
06/16/2023,75.8,76.5,77.24,75.8,2.07M,-0.66%
06/15/2023,76.3,77.03,77.5,76.25,2.04M,-1.55%
06/14/2023,77.5,77.6,78.25,77.2,1.49M,0.13%
06/13/2023,77.4,78.24,78.4,77.08,1.63M,-0.13%
06/12/2023,77.5,79.85,80,77.03,3.52M,-3.00%
06/09/2023,79.9,78.78,80.12,78.5,4.14M,1.91%
06/08/2023,78.4,79,80.25,78.4,3.83M,-0.72%
06/07/2023,78.97,78.47,79.5,77.5,2.35M,0.98%
06/06/2023,78.2,78.9,80.4,78.11,8.97M,-0.32%
06/05/2023,78.45,76.4,78.65,75.6,8.46M,3.91%
06/02/2023,75.5,75.36,75.5,74.9,842.76K,0.27%
06/01/2023,75.3,75.01,75.65,74.55,1.40M,0.64%
05/31/2023,74.82,75.9,76.3,74.5,3.59M,-1.23%
05/30/2023,75.75,75,76.66,75,4.51M,1.43%
05/29/2023,74.68,74.4,76.1,74.1,4.02M,0.85%
05/26/2023,74.05,75.6,75.71,73.5,2.70M,-2.12%
05/25/2023,75.65,75.7,76.41,75.11,3.69M,0.80%
05/24/2023,75.05,75.6,76.29,74.9,3.25M,-0.13%
05/23/2023,75.15,75.98,76.25,75,3.33M,-0.79%
05/22/2023,75.75,77,77.45,75.61,4.49M,-1.88%
05/19/2023,77.2,76.8,77.95,76.8,2.33M,0.46%
05/18/2023,76.85,78.6,78.6,76.62,5.00M,-1.47%
05/17/2023,78,80.2,80.25,77.9,2.80M,-2.01%
05/16/2023,79.6,77.3,79.9,77.2,6.27M,3.65%
05/15/2023,76.8,78.2,78.2,76.4,4.93M,-1.84%
05/12/2023,78.24,79.4,79.97,77.92,3.76M,-0.84%
05/11/2023,78.9,79,79.89,78.6,2.20M,0.33%
05/10/2023,78.64,80,80.71,78.5,3.07M,-2.19%
05/09/2023,80.4,82.25,82.25,79.7,6.11M,-2.31%
05/08/2023,82.3,84.79,84.9,81.6,3.97M,-4.49%
05/05/2023,86.17,85.18,86.99,84.95,3.76M,0.80%
05/04/2023,85.49,86.26,86.49,85,2.52M,-0.60%
05/03/2023,86.01,85.15,86.5,84.85,3.25M,1.05%
05/02/2023,85.12,86.11,86.38,85,2.34M,-0.99%
04/28/2023,85.97,87.4,87.48,85.8,2.37M,-1.18%
04/27/2023,87,87.4,87.6,86.52,3.32M,-0.01%
04/26/2023,87.01,87.41,88.14,86.75,2.65M,-0.56%
04/20/2023,87.5,86.7,87.65,86.01,2.88M,1.25%
04/19/2023,86.42,86.09,86.7,85.6,997.75K,0.43%
04/18/2023,86.05,86.3,86.3,85.42,1.62M,0.08%
04/17/2023,85.98,86.49,86.7,85.6,1.49M,-0.14%
04/13/2023,86.1,86.5,87.54,85.21,3.92M,0.82%
04/12/2023,85.4,83.1,85.94,83.05,2.31M,2.28%
04/11/2023,83.5,84.29,84.29,82.8,782.21K,-0.23%
04/10/2023,83.69,84.5,84.88,83.5,1.17M,-1.19%
04/07/2023,84.7,87.71,87.97,84.5,4.69M,-2.87%
04/06/2023,87.2,82.7,87.8,82.65,10.59M,5.83%
04/05/2023,82.4,82.5,83.33,81.03,4.57M,-0.12%
04/04/2023,82.5,83.3,83.3,80.9,2.77M,-1.14%
04/03/2023,83.45,84.22,84.49,83,1.51M,0.85%
03/31/2023,82.75,84,84.28,82.65,2.44M,-1.43%
03/30/2023,83.95,84.49,85.7,83.65,3.34M,-0.12%
03/29/2023,84.05,84.89,84.89,83.52,999.99K,-0.65%
03/28/2023,84.6,84.81,85.48,84.4,1.06M,-0.47%
03/27/2023,85,85.08,85.8,84,748.71K,0.29%
03/24/2023,84.75,85.81,86,84.5,574.97K,-1.34%
03/22/2023,85.9,87.45,88.7,85.8,1.73M,-2.52%
03/21/2023,88.12,87,88.82,86.4,3.62M,1.23%
03/20/2023,87.05,89.51,89.51,86.31,3.77M,-2.93%
03/17/2023,89.68,90.4,90.4,88.5,4.21M,-0.46%
03/16/2023,90.09,92.05,92.4,89.72,3.08M,-1.92%
03/15/2023,91.85,91.59,92.75,91,4.39M,0.21%
03/14/2023,91.66,92.8,93,90.56,8.70M,-1.28%
03/13/2023,92.85,89.25,93.39,89.25,18.46M,6.75%
03/10/2023,86.98,87.59,87.74,86.69,1.84M,-0.48%
03/09/2023,87.4,86.8,87.48,86.15,2.50M,0.81%
03/08/2023,86.7,84.99,87.7,84.9,6.36M,2.12%
03/07/2023,84.9,87.2,87.35,84.8,3.64M,-2.13%
03/06/2023,86.75,86.84,89.85,85.87,8.79M,-1.55%
03/03/2023,88.12,80.86,88.19,80.86,13.42M,7.33%
03/02/2023,82.1,80.1,83,80,4.21M,1.67%
03/01/2023,80.75,82.01,82.02,79.4,6.09M,-1.52%
02/28/2023,82,85.6,86.49,81.93,5.33M,-4.16%
02/27/2023,85.56,87.2,88.2,85.5,2.25M,-2.40%
02/24/2023,87.66,88.85,89.47,87.31,5.21M,-0.44%
02/23/2023,88.05,90.4,90.4,87.86,5.53M,-2.81%
02/22/2023,90.6,91.24,91.85,88.61,10.39M,-0.46%
02/21/2023,91.02,90.67,91.7,90.1,3.21M,2.11%
02/20/2023,89.14,94.38,94.5,89,5.38M,-5.75%
02/17/2023,94.58,93.06,94.99,93.01,4.77M,1.59%
02/16/2023,93.1,96.2,96.9,93,6.69M,-2.96%
02/15/2023,95.94,93.49,96.5,92.32,7.17M,2.06%
02/14/2023,94,99.99,99.99,93.02,12.75M,-4.95%
02/13/2023,98.9,100,100.5,97.3,15.13M,-2.14%
02/10/2023,101.06,102,109.6,99.51,38.73M,-5.78%
02/09/2023,107.26,102,107.26,100.7,18.22M,6.74%
02/08/2023,100.49,98,100.89,95.3,22.26M,1.20%
02/07/2023,99.3,99.3,99.3,97.53,16.11M,7.49%
02/06/2023,92.38,92.38,92.38,91.21,10.55M,7.49%
02/03/2023,85.94,87.39,87.4,85.27,1.26M,-1.44%
02/02/2023,87.2,86.73,87.3,84.9,5.16M,0.10%
02/01/2023,87.11,88,89.3,86.9,5.23M,-0.94%
01/31/2023,87.94,86.4,88.24,85.55,4.51M,2.09%
01/30/2023,86.14,87.3,88.47,86,5.02M,-0.58%
01/27/2023,86.64,86.45,87.5,84.9,4.69M,0.73%
01/26/2023,86.01,86.41,87.15,84,5.70M,0.07%
01/25/2023,85.95,86,87.25,85.3,5.62M,1.60%
01/24/2023,84.6,81.72,85.44,81.72,7.62M,3.36%
01/23/2023,81.85,80,82.22,79.51,3.79M,3.27%
01/20/2023,79.26,79.7,80.8,78.3,3.45M,0.08%
01/19/2023,79.2,76.59,80.43,76.59,11.00M,3.54%
01/18/2023,76.49,74.5,76.84,74.3,5.72M,3.36%
01/17/2023,74,79.62,80.2,73.16,5.11M,-6.45%
01/16/2023,79.1,81.97,81.97,78.25,4.07M,-3.58%
01/13/2023,82.04,85.9,85.9,81.6,6.50M,-5.70%
01/12/2023,87,87.99,89.2,86.32,5.55M,-1.24%
01/11/2023,88.09,85.45,88.14,84.8,12.92M,4.43%
01/10/2023,84.35,88,88,83.09,4.54M,-0.47%
01/09/2023,84.75,82.29,85.9,82.01,9.56M,2.96%
01/06/2023,82.31,80,83,79.4,6.02M,2.89%
01/05/2023,80,79,80.5,78.9,3.59M,2.12%
01/04/2023,78.34,80.08,80.9,78.3,2.28M,-2.14%
01/03/2023,80.05,80.5,80.9,79.52,1.86M,0.05%
01/02/2023,80.01,79.1,82.65,79.01,7.75M,0.44%
12/30/2022,79.66,76.46,81.68,76.46,10.29M,4.46%
12/29/2022,76.26,75.85,77,75.21,3.60M,1.01%
12/28/2022,75.5,74.13,75.9,74,2.68M,0.67%
12/27/2022,75,76.89,77.35,74.85,2.59M,-2.39%
12/26/2022,76.84,73.7,77.05,73.5,7.70M,5.53%
12/23/2022,72.81,72,73.49,71.81,2.68M,0.57%
12/22/2022,72.4,70.5,73.5,70.5,3.72M,4.10%
12/21/2022,69.55,69.6,70.75,69.5,935.39K,-0.53%
12/20/2022,69.92,71.99,72.19,69,1.99M,-2.41%
12/19/2022,71.65,72.38,73.1,71.6,1.17M,-1.10%
12/16/2022,72.45,72.37,72.74,71.2,753.47K,0.62%
12/15/2022,72,73,73.2,71.1,2.10M,-1.45%
12/14/2022,73.06,71.31,73.6,71.06,3.10M,2.32%
12/13/2022,71.4,72.1,72.5,71.4,709.84K,-0.83%
12/12/2022,72,72.15,72.7,71.9,1.48M,0.13%
12/09/2022,71.91,71.35,73.4,71.08,3.44M,1.11%
12/08/2022,71.12,71.45,71.5,71,1.40M,0.14%
12/07/2022,71.02,72,72.15,70.85,1.82M,-0.77%
12/06/2022,71.57,71.9,72,70.5,957.36K,-0.18%
12/05/2022,71.7,72.01,72.3,71.5,692.61K,-1.01%
12/02/2022,72.43,72.36,72.75,71.77,1.15M,-0.03%
12/01/2022,72.45,72.99,73.25,72.4,2.72M,0.21%
11/30/2022,72.3,72.85,73.13,72.15,1.25M,-0.55%
11/29/2022,72.7,72.41,73.2,72.12,1.30M,0.62%
11/28/2022,72.25,73.47,73.7,71.98,2.33M,-2.72%
11/25/2022,74.27,74.75,75.1,74.1,2.35M,0.24%
11/24/2022,74.09,74,74.5,73.6,1.60M,0.34%
11/23/2022,73.84,74.3,74.44,73.8,661.56K,-0.14%
11/22/2022,73.94,74.8,75.14,73.9,1.83M,-0.75%
11/21/2022,74.5,74.45,75,74,747.02K,0.15%
11/18/2022,74.39,74.75,75.3,74.05,1.90M,-0.68%
11/17/2022,74.9,76.49,76.5,74.86,1.31M,-1.08%
11/16/2022,75.72,77,77.7,75.7,2.41M,-1.39%
11/15/2022,76.79,76.4,78.65,76.13,6.57M,0.46%
11/14/2022,76.44,77,78.2,76.01,4.37M,-1.96%
11/11/2022,77.97,74.4,78.49,73.65,12.54M,5.08%
11/10/2022,74.2,71.75,75.9,71.75,12.08M,3.85%
11/08/2022,71.45,71.25,72.3,71.15,967.99K,0.76%
11/07/2022,70.91,70.8,71.41,70.61,1.19M,0.80%
11/04/2022,70.35,70.5,70.7,70,851.62K,-2.64%
11/03/2022,72.26,71.89,72.61,71.47,3.22M,0.71%
11/02/2022,71.75,70.76,71.89,70.76,1.40M,1.20%
11/01/2022,70.9,70.35,70.99,70,1.56M,1.33%
10/31/2022,69.97,70.9,71.1,69.9,1.57M,-0.67%
10/28/2022,70.44,71.33,71.48,70.25,928.07K,-1.19%
10/27/2022,71.29,71.9,71.9,70.85,1.31M,-0.56%
10/26/2022,71.69,72.76,72.8,71.4,1.76M,-2.26%
10/25/2022,73.35,73.12,74.89,73.1,4.39M,0.20%
10/24/2022,73.2,73.95,74.25,72.96,1.27M,0.33%
10/21/2022,72.96,72.59,73.8,71.83,4.55M,1.04%
10/20/2022,72.21,73.25,73.6,72.2,1.06M,-0.88%
10/19/2022,72.85,71.82,73.1,71.82,1.19M,0.97%
10/18/2022,72.15,72.45,73.4,71.8,1.21M,-0.26%
10/17/2022,72.34,73.9,74,72.2,836.35K,-2.12%
10/14/2022,73.91,74.6,74.7,73.5,2.15M,-3.51%
10/13/2022,76.6,77,77.35,76.35,3.95M,0.00%
10/12/2022,76.6,76.75,77.2,76.5,1.07M,-0.51%
10/11/2022,76.99,76.51,77.9,76.51,2.73M,0.83%
10/10/2022,76.36,75.5,77.45,75.5,2.20M,1.27%
10/07/2022,75.4,75.61,76.79,75.3,789.06K,-1.24%
10/06/2022,76.35,74.5,76.7,74.5,1.77M,2.36%
10/05/2022,74.59,75,75.24,74.48,519.52K,-0.40%
10/04/2022,74.89,75.06,75.49,74.5,596.47K,-0.41%
10/03/2022,75.2,75.69,75.99,75,751.89K,-0.69%
09/30/2022,75.72,75.79,76.48,75.04,1.46M,0.29%
09/29/2022,75.5,76,76.5,75.01,1.11M,-0.97%
09/28/2022,76.24,76.69,77.8,75.8,2.05M,-0.66%
09/27/2022,76.75,74.4,79,73.9,2.82M,4.00%
09/26/2022,73.8,73.5,74.5,73.5,1.30M,0.64%
09/23/2022,73.33,75,75.55,73,4.15M,-0.89%
09/22/2022,73.99,71.45,74.38,71.05,2.98M,3.27%
09/21/2022,71.65,75.91,76.5,71.12,3.47M,-5.72%
09/20/2022,76,78,78.3,75.51,1.58M,-2.69%
09/19/2022,78.1,78.5,78.8,77.88,736.09K,-0.38%
09/16/2022,78.4,78.8,78.8,76.75,2.50M,0.38%
09/15/2022,78.1,80,80,78.05,1.75M,-1.59%
09/14/2022,79.36,78.45,80,78.15,1.12M,1.03%
09/13/2022,78.55,79.5,79.5,78.52,654.07K,-0.57%
09/12/2022,79,79.8,80.09,78.98,572.40K,-0.80%
09/09/2022,79.64,80.55,80.55,79.5,1.15M,-0.95%
09/08/2022,80.4,79.9,80.5,79.8,1.45M,0.50%
09/07/2022,80,80.8,80.8,79.5,712.30K,-0.46%
09/06/2022,80.37,80.12,80.6,79.93,999.79K,0.40%
09/05/2022,80.05,81.24,81.35,80.01,1.44M,-1.45%
09/02/2022,81.23,82.25,82.25,81,615.40K,-0.94%
09/01/2022,82,83,83,81.75,1.15M,-0.91%
08/31/2022,82.75,81,83.1,81,1.04M,1.85%
08/30/2022,81.25,83.8,83.85,81.13,1.76M,-1.04%
08/29/2022,82.1,82.85,86,81.11,1.87M,-0.85%
08/26/2022,82.8,84,84.4,82.6,1.77M,-1.32%
08/25/2022,83.91,83.9,84.48,83.6,1.21M,-0.46%
08/24/2022,84.3,84.5,85.3,84,646.55K,-0.12%
08/23/2022,84.4,83.9,85,83.7,2.70M,1.64%
08/22/2022,83.04,84.35,85,82.65,3.60M,-2.04%
08/19/2022,84.77,85.01,85.8,84.37,857.00K,-0.74%
08/18/2022,85.4,86.15,86.7,84.8,3.05M,-0.72%
08/17/2022,86.02,86.6,86.83,86,2.23M,-0.58%
08/16/2022,86.52,87.7,88.3,86.5,3.75M,-0.68%
08/15/2022,87.11,88.1,89,86.6,7.00M,-0.40%
08/12/2022,87.46,84.99,87.88,84.65,6.86M,3.44%
08/11/2022,84.55,85,85.44,84.25,1.93M,-0.18%
08/10/2022,84.7,84.32,86.74,84.15,7.62M,2.43%
08/05/2022,82.69,82.19,83.23,81.3,3.33M,0.47%
08/04/2022,82.3,81.8,82.65,81.6,2.75M,0.73%
08/03/2022,81.7,80.88,82.15,80.25,3.95M,1.87%
08/02/2022,80.2,80.14,80.9,80,1.50M,-0.61%
08/01/2022,80.69,80.5,81.1,80,919.96K,0.34%
07/29/2022,80.42,81.45,81.45,80.03,1.42M,-0.59%
07/28/2022,80.9,80.17,82,80.17,2.37M,0.89%
07/27/2022,80.19,80.4,80.95,79.4,1.99M,-0.12%
07/26/2022,80.29,78.66,80.8,78.66,2.73M,0.93%
07/25/2022,79.55,79.5,80,78.75,809.59K,-0.69%
07/22/2022,80.1,79.95,80.46,78.35,2.62M,1.65%
07/21/2022,78.8,79.9,80.41,78.01,2.18M,-1.50%
07/20/2022,80,78.39,80.7,77.55,3.55M,2.83%
07/19/2022,77.8,80.99,81.7,77.6,3.40M,-4.25%
07/18/2022,81.25,81.85,81.85,80.5,1.65M,-1.77%
07/15/2022,82.71,84.09,84.09,82.56,1.67M,-1.30%
07/14/2022,83.8,85,85,83.71,4.36M,-1.06%
07/13/2022,84.7,80,84.8,80,9.98M,5.41%
07/07/2022,80.35,77.17,81.75,77.01,5.80M,3.54%
07/06/2022,77.6,77.3,77.6,77.01,312.69K,0.65%
07/05/2022,77.1,77.6,77.95,77,786.37K,-0.93%
07/04/2022,77.82,77.75,78.5,77.5,468.52K,-0.29%
07/01/2022,78.05,78.67,79,77.8,1.14M,-1.08%
06/30/2022,78.9,77.57,79.88,77.11,4.79M,1.81%
06/29/2022,77.5,79,79.2,77.4,2.26M,-0.96%
06/28/2022,78.25,79.88,79.88,78.05,1.87M,-0.95%
06/27/2022,79,79.6,80.5,78.45,2.19M,-0.50%
06/24/2022,79.4,83.1,83.1,76.76,6.79M,-4.11%
06/23/2022,82.8,82.91,84.05,82.5,2.67M,-0.22%
06/22/2022,82.98,84,84.39,82.45,2.04M,-0.44%
06/21/2022,83.35,82.35,83.49,81.15,3.04M,1.96%
06/20/2022,81.75,83,83.24,81.45,1.39M,-0.93%
06/17/2022,82.52,81.6,84.6,81.6,5.54M,1.18%
06/16/2022,81.56,80.3,82.5,79.75,4.48M,2.37%
06/15/2022,79.67,78.68,80.7,78.5,3.09M,1.17%
06/14/2022,78.75,77.5,78.99,77.4,1.86M,1.61%
06/13/2022,77.5,80.8,80.8,77.2,2.11M,-3.87%
06/10/2022,80.62,79.15,81,78.3,1.75M,1.92%
06/09/2022,79.1,78.3,80.5,78.25,1.74M,1.15%
06/08/2022,78.2,78.45,78.8,77.51,1.10M,-0.39%
06/07/2022,78.51,78.35,78.91,78,687.77K,0.14%
06/06/2022,78.4,77,78.6,76.51,1.27M,2.14%
06/03/2022,76.76,78,78.25,76.1,1.29M,-1.45%
06/02/2022,77.89,79.8,80.2,76.95,3.75M,-2.01%
06/01/2022,79.49,80.55,81.5,79.4,1.48M,-1.46%
05/31/2022,80.67,81.3,82.5,80.25,6.26M,0.46%
05/30/2022,80.3,79.5,81.7,78.38,8.49M,4.26%
05/27/2022,77.02,76.49,78.37,76.49,4.25M,2.53%
05/26/2022,75.12,75.58,76,74.51,4.57M,0.00%
05/25/2022,75.12,76.75,76.79,74.75,3.94M,-2.17%
05/24/2022,76.79,77,77.8,76.7,489.41K,-0.60%
05/23/2022,77.25,78.2,78.64,76.92,1.16M,-2.14%
05/20/2022,78.94,78.5,79.1,78.11,992.41K,0.43%
05/19/2022,78.6,78.9,79.49,78.4,916.73K,-0.01%
05/18/2022,78.61,79.1,79.88,78.16,882.58K,-0.78%
05/17/2022,79.23,79.55,79.98,79,565.02K,-0.28%
05/16/2022,79.45,81.1,81.1,78.9,1.96M,-2.49%
05/13/2022,81.48,79.6,82.75,79.6,3.64M,3.47%
05/12/2022,78.75,79.15,79.25,77.25,2.26M,-0.57%
05/11/2022,79.2,79.51,79.78,78.72,4.65M,-0.79%
05/10/2022,79.83,79.84,80.85,78.91,2.25M,0.16%
05/09/2022,79.7,82.91,83.04,79.5,3.52M,-3.98%
05/06/2022,83,84.45,84.5,83,2.04M,-1.89%
04/28/2022,84.6,84.53,85.8,83.8,1.98M,-0.59%
04/27/2022,85.1,85.79,87.1,84.11,2.52M,-0.12%
04/26/2022,85.2,86.21,86.21,84.8,783.14K,-1.37%
04/25/2022,86.38,86.5,87.4,86.05,1.24M,0.91%
04/22/2022,85.6,84.49,86.14,83.82,1.53M,1.12%
04/21/2022,84.65,84,84.8,83.7,675.10K,0.06%
04/20/2022,84.6,86.2,86.7,84.02,1.76M,-1.80%
04/19/2022,86.15,87.97,88.88,85.75,4.42M,-1.99%
04/18/2022,87.9,82.11,88.03,82.03,14.23M,7.65%
04/15/2022,81.65,82.4,82.75,81.6,1.13M,-0.48%
04/14/2022,82.04,82.65,82.82,81.91,1.87M,-0.38%
04/13/2022,82.35,83.24,83.5,82.2,2.14M,-0.59%
04/12/2022,82.84,83.98,83.98,82.4,1.58M,-0.59%
04/11/2022,83.33,82.5,83.75,82,3.96M,3.88%
04/08/2022,80.22,78.3,80.39,78.3,2.14M,1.25%
04/07/2022,79.23,80,80.05,79,1.45M,-0.49%
04/06/2022,79.62,80.2,82.35,79.4,2.51M,-1.23%
04/05/2022,80.61,81.3,81.6,80.15,600.49K,-0.27%
04/04/2022,80.83,80.99,82.34,80.3,1.63M,-2.67%
04/01/2022,83.05,83,83.8,82.8,993.33K,-0.10%
03/31/2022,83.13,82.9,83.49,82.9,1.30M,0.06%
03/30/2022,83.08,84.45,84.45,82.51,1.82M,-1.87%
03/29/2022,84.66,84.5,85,84,1.16M,0.70%
03/28/2022,84.07,83,84.4,82,1.09M,1.76%
03/25/2022,82.62,83.45,83.6,82.51,633.63K,-0.78%
03/24/2022,83.27,82.9,83.45,82.3,768.06K,0.39%
03/22/2022,82.95,83.81,84.35,82.75,1.37M,-0.58%
03/21/2022,83.43,83.89,85.95,83.1,3.91M,1.14%
03/18/2022,82.49,85.5,85.5,82.1,3.37M,-3.95%
03/17/2022,85.88,86.71,87.34,85.75,574.68K,-0.93%
03/16/2022,86.69,86.99,87.48,86.25,741.12K,0.17%
03/15/2022,86.54,87.99,88.18,85.6,1.26M,-1.15%
03/14/2022,87.55,89.5,89.5,87.25,1.35M,-1.62%
03/11/2022,88.99,89.4,90.3,88.4,1.16M,-0.79%
03/10/2022,89.7,90.15,90.3,88.88,1.13M,0.44%
03/09/2022,89.31,89.5,89.95,87.8,4.17M,0.00%
03/08/2022,89.31,90.4,91,89,2.53M,-1.68%
03/07/2022,90.84,93,93.85,88.61,6.34M,-4.17%
03/04/2022,94.79,94.5,96,94.15,3.90M,-0.20%
03/03/2022,94.98,93.39,95.56,93.25,11.66M,2.14%
03/02/2022,92.99,91,94.01,90.5,7.39M,1.50%
03/01/2022,91.62,94.38,94.38,91.25,11.21M,4.35%
02/28/2022,87.8,86.5,88.2,85.25,2.33M,1.97%
02/25/2022,86.1,87.5,87.95,85.8,2.03M,-1.25%
02/24/2022,87.19,88.25,88.25,86.35,2.31M,-1.90%
02/23/2022,88.88,89.45,90.4,87.12,3.94M,-0.41%
02/22/2022,89.25,90,90.49,88.4,2.11M,-1.04%
02/21/2022,90.19,90.7,92.15,89.65,2.21M,0.03%
02/18/2022,90.16,88.25,90.68,88.25,2.07M,1.66%
02/17/2022,88.69,88.33,89.8,88,2.14M,-0.16%
02/16/2022,88.83,89.2,89.34,88.15,552.86K,-0.19%
02/15/2022,89,89.85,90.15,88.75,915.39K,-0.63%
02/14/2022,89.56,90.24,90.55,89.2,2.27M,-0.46%
02/11/2022,89.97,90.55,91.45,89.65,1.30M,-1.01%
02/10/2022,90.89,91.5,92.5,90.75,3.35M,-0.85%
02/09/2022,91.67,91.35,93.25,90.85,5.31M,0.48%
02/08/2022,91.23,91.59,92.4,90.8,2.80M,-0.33%
02/07/2022,91.53,89.75,91.84,89.6,5.93M,2.26%
02/04/2022,89.51,89.15,90.98,88.7,7.94M,1.32%
02/03/2022,88.34,90.2,90.35,88.01,1.40M,-1.41%
02/02/2022,89.6,88.5,89.9,88.11,2.26M,1.67%
02/01/2022,88.13,87.5,88.2,87.02,1.06M,1.25%
01/31/2022,87.04,87.03,87.25,86.5,1.12M,0.90%
01/28/2022,86.26,87,87.77,86.12,2.53M,-0.79%
01/27/2022,86.95,87.1,87.85,86.5,1.33M,0.03%
01/26/2022,86.92,87.7,87.9,86.75,1.15M,-0.70%
01/25/2022,87.53,88.02,88.5,87.3,2.37M,-0.52%
01/24/2022,87.99,88.35,88.44,87.4,623.69K,0.20%
01/21/2022,87.81,88.25,88.85,87.7,635.62K,-0.60%
01/20/2022,88.34,88.08,88.89,87.1,2.28M,0.28%
01/19/2022,88.09,89.31,89.85,87.51,3.51M,-0.81%
01/18/2022,88.81,88.8,89.77,88.3,3.31M,0.46%
01/17/2022,88.4,88.4,89.2,87.3,856.16K,-0.34%
01/14/2022,88.7,89,89.75,88.5,3.53M,0.49%
01/13/2022,88.27,88.25,89,88.1,977.74K,-0.23%
01/12/2022,88.47,87.6,89.4,87.59,4.36M,1.35%
01/11/2022,87.29,87.99,88.42,86.85,1.01M,-0.75%
01/10/2022,87.95,87.53,88.85,87.06,2.18M,0.48%
01/07/2022,87.53,87.4,87.9,87.02,782.14K,0.59%
01/06/2022,87.02,87.97,88,86.57,619.51K,-1.08%
01/05/2022,87.97,88.3,88.9,87.6,1.88M,0.06%
01/04/2022,87.92,87.35,88.3,87.17,1.97M,1.22%
01/03/2022,86.86,86.45,87.65,86.16,2.29M,0.77%
12/31/2021,86.2,84.2,87.3,84.15,3.37M,1.48%
12/30/2021,84.94,85.55,86.35,84.7,1.40M,-1.07%
12/29/2021,85.86,85.5,86.45,85.45,754.60K,0.07%
12/28/2021,85.8,86,86.6,85.6,768.95K,0.33%
12/27/2021,85.52,86.59,86.6,85.25,392.90K,-0.90%
12/24/2021,86.3,86.89,87.35,85.51,574.76K,-0.46%
12/23/2021,86.7,87.47,88.49,86.5,1.85M,0.02%
12/22/2021,86.68,84.75,87.05,84.75,5.58M,2.52%
12/21/2021,84.55,85.4,86.25,84.1,1.13M,-0.93%
12/20/2021,85.34,84.9,85.75,84.1,1.74M,0.64%
12/17/2021,84.8,83.51,85.84,83.1,2.76M,1.10%
12/16/2021,83.88,85.6,85.6,83.55,1.34M,-1.91%
12/15/2021,85.51,84,86.76,83.06,4.64M,2.68%
12/14/2021,83.28,84.7,84.75,81.86,3.15M,-0.93%
12/13/2021,84.06,86,86.05,83.85,888.23K,-2.49%
12/10/2021,86.21,86.5,87.35,85.5,2.15M,-0.55%
12/09/2021,86.69,84.86,87.99,84.8,7.79M,1.63%
12/08/2021,85.3,84.99,86.25,83.12,3.56M,0.96%
12/07/2021,84.49,81.35,86.96,81.35,7.91M,4.24%
12/06/2021,81.05,80,81.48,78.75,1.70M,1.62%
12/03/2021,79.76,79.7,80.84,78.6,2.91M,0.21%
12/02/2021,79.59,83.83,83.83,78.76,4.29M,-5.06%
12/01/2021,83.83,84.89,84.89,83.45,1.67M,-1.30%
11/30/2021,84.93,83.52,85.6,83.07,9.51M,3.07%
11/29/2021,82.4,79.5,82.79,79.5,3.43M,2.51%
11/26/2021,80.38,81.11,81.79,80,2.00M,-1.50%
11/25/2021,81.6,82.39,82.39,81.01,1.25M,-0.71%
11/24/2021,82.18,82.17,83.2,81.1,4.92M,0.21%
11/23/2021,82.01,84.48,84.53,81.86,1.84M,-2.31%
11/22/2021,83.95,84,84.8,83,2.25M,-0.42%
11/19/2021,84.3,83.8,85.5,83.5,6.34M,0.52%
11/18/2021,83.86,84,84,82.81,1.56M,-0.14%
11/17/2021,83.98,84.25,84.49,83.5,948.05K,-0.92%
11/16/2021,84.76,81.95,85.49,81.95,2.26M,4.09%
11/15/2021,81.43,81.31,82.5,81.05,689.07K,0.07%
11/12/2021,81.37,83,83.1,81.25,1.75M,-2.56%
11/11/2021,83.51,84.5,85,83.33,1.34M,-1.54%
11/10/2021,84.82,83.71,85,83.56,1.51M,2.05%
11/09/2021,83.12,85,85.29,82.7,2.27M,-2.09%
11/08/2021,84.89,86.47,86.47,84.55,1.23M,-3.12%
11/05/2021,87.62,86.1,87.9,86.1,4.69M,1.26%
11/04/2021,86.53,86.3,86.7,85.6,4.44M,0.12%
11/03/2021,86.43,87.8,87.8,85.61,8.39M,-1.63%
11/02/2021,87.86,88.2,89.69,87.52,3.23M,-0.16%
11/01/2021,88,86,88.99,85.85,4.67M,3.24%
10/29/2021,85.24,84.75,86,84.75,2.38M,0.77%
10/28/2021,84.59,84.01,85.2,83.55,1.36M,0.52%
10/27/2021,84.15,85.5,85.5,83.76,939.83K,0.50%
10/26/2021,83.73,85.89,85.89,83.51,598.79K,-1.46%
10/25/2021,84.97,84.78,85.5,84.25,761.33K,0.64%
10/22/2021,84.43,85.89,85.89,83.9,1.99M,-1.77%
10/21/2021,85.95,84.5,87.19,84.15,3.61M,2.20%
10/20/2021,84.1,85.5,85.65,83.9,1.31M,-2.35%
10/18/2021,86.12,83.75,89.5,83.26,5.74M,2.28%
10/15/2021,84.2,82.2,84.95,81.5,4.72M,3.00%
10/14/2021,81.75,80.53,82.49,80.23,2.72M,0.89%
10/13/2021,81.03,81.4,83.2,80.51,2.53M,-0.99%
10/12/2021,81.84,82,82.3,80.83,2.56M,0.12%
10/11/2021,81.74,81.51,82.5,81.29,1.85M,0.29%
10/08/2021,81.5,81.85,81.85,81.1,2.92M,0.18%
10/07/2021,81.35,81.88,82.35,81.23,947.09K,-0.06%
10/06/2021,81.4,81.5,83.25,81.17,3.17M,0.31%
10/05/2021,81.15,83.8,83.8,80.94,3.97M,-2.70%
10/04/2021,83.4,83.25,83.53,82.75,1.09M,0.35%
10/01/2021,83.11,83.95,83.95,82.65,1.22M,-0.82%
09/30/2021,83.8,81.12,84.9,80.6,3.99M,2.71%
09/29/2021,81.59,83,83.5,81.2,6.41M,-2.16%
09/28/2021,83.39,84.4,84.5,81.25,7.35M,-1.45%
09/27/2021,84.62,84.9,85.5,83.9,2.96M,0.45%
09/24/2021,84.24,84,84.6,82.95,2.21M,0.97%
09/23/2021,83.43,85.3,85.95,81,3.06M,-1.95%
09/22/2021,85.09,85.9,86.1,84.2,2.71M,-1.01%
09/21/2021,85.96,87.9,87.9,85.01,1.88M,-1.63%
09/20/2021,87.38,89.3,89.3,87.2,1.11M,-1.58%
09/17/2021,88.78,89.5,90.4,88.25,3.50M,-0.44%
09/16/2021,89.17,88.09,89.75,87.78,4.20M,1.84%
09/15/2021,87.56,88.6,88.6,87,1.08M,-0.57%
09/14/2021,88.06,89.85,90.7,87.87,2.99M,-1.66%
09/13/2021,89.55,89.74,90.52,89.2,1.57M,0.63%
09/10/2021,88.99,88.5,89.6,88.5,1.76M,0.50%
09/09/2021,88.55,88.5,89.45,88.16,1.53M,0.49%
09/08/2021,88.12,90.5,91,87.5,3.84M,-2.65%
09/07/2021,90.52,91.5,91.5,90.01,1.08M,-1.03%
09/06/2021,91.46,90.97,92.2,90.97,912.36K,0.30%
09/03/2021,91.19,91.5,92.39,90.6,1.74M,-0.23%
09/02/2021,91.4,92.86,92.86,91.11,1.05M,-1.69%
09/01/2021,92.97,93.5,93.85,92.86,1.38M,0.12%
08/31/2021,92.86,92.7,93.54,92.1,1.16M,0.21%
08/30/2021,92.67,91.25,93.99,91.25,2.56M,1.85%
08/27/2021,90.99,91.99,91.99,90.31,1.83M,-1.04%
08/26/2021,91.95,92.75,93.4,91.73,906.34K,-0.91%
08/25/2021,92.79,92.95,93.88,92.55,1.77M,-0.15%
08/24/2021,92.93,93.75,94,92.74,1.48M,-0.52%
08/23/2021,93.42,91,95,90.45,3.57M,3.28%
08/20/2021,90.45,90.7,91,90.21,539.33K,-0.48%
08/17/2021,90.89,91,91.29,90.6,765.66K,0.24%
08/16/2021,90.67,90.51,91,89.8,1.02M,-0.34%
08/13/2021,90.98,91.71,91.84,90.85,454.53K,-0.84%
08/12/2021,91.75,92.09,92.29,91.5,1.55M,-0.23%
08/11/2021,91.96,92.17,92.75,91.8,667.09K,-0.23%
08/10/2021,92.17,92.28,92.63,91.75,1.30M,-0.12%
08/09/2021,92.28,93.06,93.43,92,1.30M,-0.81%
08/06/2021,93.03,93.19,93.65,92.92,1.04M,0.01%
08/05/2021,93.02,93,93.15,92.82,1.12M,-0.05%
08/04/2021,93.07,93.21,93.75,92.95,2.69M,-0.32%
08/03/2021,93.37,94.29,94.29,93,2.49M,-0.71%
08/02/2021,94.04,93.89,94.3,93.75,1.34M,0.70%
07/30/2021,93.39,93.45,94.98,93.2,3.86M,0.20%
07/29/2021,93.2,93.21,94.25,92.75,2.33M,-0.22%
07/28/2021,93.41,94.49,94.6,93.11,1.05M,-0.78%
07/27/2021,94.14,94.4,95.2,94,918.37K,-0.23%
07/26/2021,94.36,96.11,96.3,94,5.13M,-1.72%
07/23/2021,96.01,95.96,96.8,95.4,1.45M,0.15%
07/19/2021,95.87,96.75,96.79,95.7,1.98M,0.09%
07/16/2021,95.78,96.45,96.7,95.25,1.35M,-0.26%
07/15/2021,96.03,94.29,97.49,94,6.88M,1.95%
07/14/2021,94.19,94.5,94.6,94.05,1.84M,-0.05%
07/13/2021,94.24,94.3,94.85,94.05,2.47M,-0.46%
07/12/2021,94.68,94.56,96.7,94.5,1.76M,-0.05%
07/09/2021,94.73,95.22,96.44,94.59,2.25M,-1.00%
07/08/2021,95.69,94.98,96.9,94.05,4.42M,1.17%
07/07/2021,94.58,95.04,95.49,94,1.82M,-0.75%
07/06/2021,95.29,96.48,96.9,94.95,3.30M,-0.39%
07/05/2021,95.66,96.1,97.01,95.2,10.49M,-0.03%
07/02/2021,95.69,96.6,97,95.37,2.99M,-0.59%
07/01/2021,96.26,95.8,96.97,95.6,2.72M,1.29%
06/30/2021,95.03,94.5,95.99,94.5,2.55M,0.81%
06/29/2021,94.27,97.62,97.62,93.8,11.65M,-2.58%
06/28/2021,96.77,97.91,98.4,96.25,9.47M,-1.26%
06/25/2021,98,98.99,99.25,97.65,4.56M,-0.95%
06/24/2021,98.94,99.3,100.25,98.7,3.86M,-0.26%
06/23/2021,99.2,99.11,100.6,98,10.27M,0.68%
06/22/2021,98.53,99.5,100,98.38,3.77M,-0.57%
06/21/2021,99.09,99.8,100.7,98.98,3.29M,-0.17%
06/18/2021,99.26,99.9,101.5,99.1,3.15M,-0.91%
06/17/2021,100.17,98.97,101.9,98.75,6.79M,0.65%
06/16/2021,99.52,101.05,101.9,99.01,5.46M,-0.45%
06/15/2021,99.97,101.5,103.9,99.75,12.12M,0.30%
06/14/2021,99.67,95.5,99.67,95,25.33M,7.50%
06/11/2021,92.72,92.4,93.05,91.82,5.80M,0.78%
06/10/2021,92,92.36,92.94,91.7,9.64M,-0.30%
06/09/2021,92.28,95.5,95.88,91.85,6.15M,-4.36%
06/08/2021,96.49,97.62,97.62,96.2,3.44M,-0.93%
06/07/2021,97.4,98.89,99.5,97.02,5.58M,-0.06%
06/04/2021,97.46,97.5,98.4,97.11,5.31M,0.38%
06/03/2021,97.09,98.1,98.3,97,4.18M,-0.40%
06/02/2021,97.48,99.3,99.3,97,4.76M,-1.44%
06/01/2021,98.9,98.75,99.45,98,8.18M,1.45%
05/31/2021,97.49,96.25,97.8,96.01,11.39M,2.15%
05/28/2021,95.44,94.2,96.89,93.55,16.84M,2.47%
05/27/2021,93.14,94.75,94.99,91.8,47.49M,0.04%
05/26/2021,93.1,90.25,93.7,90.25,9.98M,3.28%
05/25/2021,90.14,90.8,91.3,90,6.73M,0.13%
05/24/2021,90.02,91.61,92.49,89.51,14.36M,0.03%
05/21/2021,89.99,88.75,91,88,3.51M,2.10%
05/20/2021,88.14,90,90.15,87.98,4.43M,-1.80%
05/19/2021,89.76,89,91.29,88.9,8.45M,0.97%
05/18/2021,88.9,89.05,89.8,88,8.46M,0.59%
05/17/2021,88.38,91,92.67,86.25,16.65M,-4.63%
05/06/2021,92.67,93.4,94.45,92.25,1.62M,0.18%
05/05/2021,92.5,93.5,94,92.1,684.61K,1.11%
05/04/2021,91.48,91.65,92.05,91.2,478.71K,0.48%
05/03/2021,91.04,91.51,92.49,90.45,1.26M,-0.51%
04/30/2021,91.51,93.08,93.3,91,1.01M,-1.55%
04/29/2021,92.95,93,93.5,92.29,938.49K,0.72%
04/28/2021,92.29,94.5,95,91.9,2.34M,-2.56%
04/27/2021,94.71,99.25,99.25,93.5,3.09M,-4.79%
04/26/2021,99.47,93,99.6,92.02,3.39M,7.35%
04/23/2021,92.66,94,94.43,92.41,1.50M,-2.17%
04/22/2021,94.72,97.05,97.44,94.21,2.25M,-2.72%
04/21/2021,97.37,98.2,98.2,97.06,410.31K,-1.09%
04/20/2021,98.44,98.6,99.25,98.35,293.10K,0.16%
04/19/2021,98.28,99,99,97.1,593.74K,-0.79%
04/16/2021,99.06,99.45,99.5,98.8,404.71K,0.09%
04/15/2021,98.97,99.1,99.5,98.5,799.78K,1.09%
04/14/2021,97.9,96.68,98.2,96.68,1.04M,1.12%
04/13/2021,96.82,96.9,97.28,96.5,869.86K,-0.15%
04/12/2021,96.97,98.2,98.35,96.7,660.61K,-1.46%
04/09/2021,98.41,97.98,98.79,97.06,365.03K,-0.25%
04/08/2021,98.66,98.59,99,97.61,828.63K,1.10%
04/07/2021,97.59,100.95,100.99,97,2.11M,-2.94%
04/06/2021,100.55,99.94,101.38,99.1,609.55K,1.25%
04/05/2021,99.31,101.14,101.15,99.05,830.82K,-1.38%
04/02/2021,100.7,100.96,101.94,100.5,422.25K,-0.28%
04/01/2021,100.98,101.35,102.95,100.5,473.71K,-0.62%
03/31/2021,101.61,102,103,100.01,1.29M,0.18%
03/30/2021,101.43,101.9,102,100.5,909.09K,0.18%
03/29/2021,101.25,103,103,100.5,1.23M,-1.76%
03/26/2021,103.06,104,104,103,1.64M,-1.16%
03/25/2021,104.27,105.01,106.45,103.96,1.56M,0.02%
03/24/2021,104.25,105.24,105.75,103.9,3.59M,-2.85%
03/22/2021,107.31,100.01,107.46,99.5,9.00M,7.34%
03/19/2021,99.97,100,101.56,99,2.68M,-1.84%
03/18/2021,101.84,102.89,103.44,101.5,1.31M,-0.91%
03/17/2021,102.78,102.74,103.68,102.3,1.36M,0.77%
03/16/2021,101.99,103,103.5,101.7,1.17M,-0.77%
03/15/2021,102.78,103.51,104.39,101,1.93M,0.09%
03/12/2021,102.69,101.99,105.7,100.5,2.10M,2.37%
03/11/2021,100.31,104.82,104.82,99.51,2.08M,-4.30%
03/10/2021,104.82,104.2,106.98,102.99,1.88M,0.34%
03/09/2021,104.46,105.55,106.89,103.75,2.85M,-1.29%
03/08/2021,105.82,110.2,110.7,105.15,2.40M,-1.20%
03/05/2021,107.1,106.4,108.4,104.25,1.86M,2.70%
03/04/2021,104.28,103.5,106,103.5,1.61M,-1.83%
03/03/2021,106.22,105.99,106.7,104.05,849.11K,0.78%
03/02/2021,105.4,104,107,103.71,1.63M,0.88%
03/01/2021,104.48,105.15,105.45,103.4,993.86K,-0.23%
02/26/2021,104.72,108.49,108.49,103.7,3.60M,-3.32%
02/25/2021,108.32,108.48,108.85,107.8,1.51M,0.75%
02/24/2021,107.51,109.88,110.4,107.01,2.31M,-1.95%
02/23/2021,109.65,110.5,110.9,109.4,1.59M,0.97%
02/22/2021,108.6,111.4,111.49,108.25,1.96M,-2.07%
02/19/2021,110.9,110.15,111.43,109.91,1.03M,-0.09%
02/18/2021,111,113.5,113.5,110.66,1.08M,-1.23%
02/17/2021,112.38,114.45,114.45,112.01,1.32M,-1.33%
02/16/2021,113.89,113,115.45,112.01,7.21M,1.47%
02/15/2021,112.24,111.98,113.49,110.15,4.34M,3.40%
02/12/2021,108.55,111.5,111.5,107.75,1.47M,-2.55%
02/11/2021,111.39,112.75,113,110.01,2.18M,-0.63%
02/10/2021,112.1,114.01,114.24,111.96,1.87M,-1.98%
02/09/2021,114.36,115.5,115.7,114.2,1.83M,0.47%
02/08/2021,113.82,114.5,115.99,113.5,2.68M,0.49%
02/04/2021,113.26,114.1,114.99,112.45,7.45M,2.58%
02/03/2021,110.41,111,111.2,109.4,3.57M,1.20%
02/02/2021,109.1,108,110.55,106.7,4.18M,2.45%
02/01/2021,106.49,107.5,108.09,106.25,2.04M,-0.45%
01/29/2021,106.97,106.25,108.8,106.2,4.11M,0.24%
01/28/2021,106.71,108,108.5,106.5,1.99M,-1.55%
01/27/2021,108.39,108.5,109.5,107.8,2.30M,0.10%
01/26/2021,108.28,108.7,109.5,107.9,2.17M,-0.25%
01/25/2021,108.55,109.8,110.4,108.25,1.69M,-0.92%
01/22/2021,109.56,110.35,110.85,109.1,1.77M,-0.74%
01/21/2021,110.38,110,111.5,110,1.03M,0.25%
01/20/2021,110.1,112.5,112.5,109.55,4.16M,-2.11%
01/19/2021,112.47,110,115.5,109.31,3.55M,1.42%
01/18/2021,110.89,112.59,112.9,110.42,1.85M,-2.37%
01/15/2021,113.58,114.29,114.5,113.46,1.16M,-0.07%
01/14/2021,113.66,115.5,115.75,113.4,1.67M,-1.92%
01/13/2021,115.89,117.1,118,114.67,2.97M,0.18%
01/12/2021,115.68,113.6,116.4,113.26,4.05M,1.85%
01/11/2021,113.58,116,116.2,113.01,2.98M,-0.25%
01/08/2021,113.87,112.48,114.35,111.6,2.00M,1.60%
01/07/2021,112.08,115,115,110.11,4.19M,-1.16%
01/06/2021,113.39,115,115.51,112,6.28M,1.57%
01/05/2021,111.64,111.75,114.41,111,3.73M,-2.42%
01/04/2021,114.41,116.99,116.99,112.8,10.34M,3.91%
01/01/2021,110.1,104,111.49,103.8,12.34M,6.10%
12/31/2020,103.77,104.3,104.75,103.12,1.31M,-0.47%
12/30/2020,104.26,104.01,105.15,103.75,2.09M,0.32%
12/29/2020,103.93,105.82,106.08,103.51,1.64M,-1.66%
12/28/2020,105.68,106,106.44,105.25,1.04M,0.60%
12/24/2020,105.05,105.8,106.99,104.51,1.83M,0.65%
12/23/2020,104.37,103,105,102.69,1.82M,0.42%
12/22/2020,103.93,105.5,106.58,103.03,2.75M,-1.61%
12/21/2020,105.63,109.3,109.3,105.03,3.88M,-4.25%
12/18/2020,110.32,111,111,109,2.83M,0.22%
12/17/2020,110.08,110.25,111.1,109,3.52M,1.63%
12/16/2020,108.31,106,108.9,104.53,4.78M,3.56%
12/15/2020,104.59,106,107,104.15,2.52M,-1.50%
12/14/2020,106.18,102.84,106.6,102.83,3.53M,3.32%
12/11/2020,102.77,103,103,101.51,2.91M,0.92%
12/10/2020,101.83,102,102.18,101.1,1.28M,0.04%
12/09/2020,101.79,100.17,102,100.17,1.87M,1.63%
12/08/2020,100.16,101,101.05,100.01,2.37M,-0.70%
12/07/2020,100.87,102.05,102.1,100.5,1.95M,-1.78%
12/04/2020,102.7,102.9,103.47,102.3,5.18M,2.60%
12/03/2020,100.1,101.1,101.88,100,2.34M,-0.27%
12/02/2020,100.37,100,101.2,99.5,2.35M,0.18%
12/01/2020,100.19,99.05,101.15,99.01,3.32M,0.80%
11/30/2020,99.39,98.51,100.6,97.5,6.21M,-0.21%
11/27/2020,99.6,100.61,100.61,98.84,3.39M,-1.61%
11/26/2020,101.23,103,105,100.5,6.46M,1.26%
11/25/2020,99.97,97,100.85,96.75,7.66M,6.56%
11/24/2020,93.82,94.4,94.94,93.03,2.04M,1.15%
11/23/2020,92.75,93.61,93.61,92,1.99M,-0.95%
11/20/2020,93.64,93.81,94.5,93.12,1.03M,-0.06%
11/19/2020,93.7,94.41,94.99,93.5,779.66K,-0.84%
11/18/2020,94.49,95.4,95.4,94.02,742.23K,-0.58%
11/17/2020,95.04,96.25,97.25,94.79,3.72M,-0.38%
11/16/2020,95.4,96.72,97,95.1,1.26M,-1.36%
11/13/2020,96.72,98.4,98.4,96.2,695.85K,-1.89%
11/12/2020,98.58,100.51,100.75,98,2.14M,-2.88%
11/11/2020,101.5,99.5,101.9,98.3,5.11M,3.84%
11/10/2020,97.75,97.5,99.4,97.1,6.61M,4.03%
11/09/2020,93.96,95.45,95.45,93.5,840.68K,-0.60%
11/06/2020,94.53,95.02,95.94,94.49,1.92M,-1.01%
11/05/2020,95.49,93.9,96.65,93.9,4.06M,3.76%
11/04/2020,92.03,92.2,92.99,91.6,3.19M,0.92%
11/03/2020,91.19,90,91.9,89.56,3.19M,2.62%
11/02/2020,88.86,92.4,92.4,88.5,4.24M,-4.89%
10/29/2020,93.43,96,96,90.01,4.56M,-2.59%
10/28/2020,95.91,97.04,97.49,95.4,1.95M,-1.03%
10/27/2020,96.91,98.39,98.39,96.75,1.08M,-1.53%
10/26/2020,98.42,98,98.99,97.83,1.14M,0.89%
10/23/2020,97.55,98.65,99.79,97.1,1.82M,-1.38%
10/22/2020,98.92,101.35,101.35,98.3,2.57M,-2.70%
10/21/2020,101.67,101.55,102.4,101.07,1.37M,0.39%
10/20/2020,101.28,100.49,101.89,100.21,992.54K,-0.58%
10/19/2020,101.87,101.4,102.61,99.57,460.02K,0.66%
10/16/2020,101.2,101.15,101.43,99.9,1.11M,0.11%
10/15/2020,101.09,102.5,103.5,101,1.52M,-0.11%
10/14/2020,101.2,101,101.74,100.65,939.23K,0.43%
10/13/2020,100.77,102.1,102.49,100.15,1.13M,-1.61%
10/12/2020,102.42,106.29,106.29,102,1.31M,-2.92%
10/09/2020,105.5,103.4,106.5,103.4,1.94M,2.05%
10/08/2020,103.38,99.6,104,99.6,2.53M,4.28%
10/07/2020,99.14,99.5,100,97.5,1.33M,0.16%
10/06/2020,98.98,99.9,101.25,97.63,1.18M,-1.26%
10/05/2020,100.24,101,102.3,99,1.55M,-0.86%
10/02/2020,101.11,104,104,100.51,1.10M,-2.96%
10/01/2020,104.19,102.35,104.87,102,1.54M,0.57%
09/30/2020,103.6,105.74,107.35,97.63,2.53M,-1.84%
09/29/2020,105.54,104.59,106,104.5,1.51M,1.39%
09/28/2020,104.09,103.99,106.5,103,2.92M,-0.01%
09/25/2020,104.1,105,105.8,103.53,2.48M,-0.66%
09/24/2020,104.79,108.11,108.2,103.99,3.02M,-3.07%
09/23/2020,108.11,109.35,109.5,107.8,1.09M,-1.08%
09/22/2020,109.29,110,110.44,108.9,973.39K,-1.10%
09/21/2020,110.5,112.45,112.45,110.18,650.62K,-1.65%
09/18/2020,112.35,110,113.5,107.1,3.35M,2.70%
09/17/2020,109.4,109.9,110.8,109.06,865.10K,0.05%
09/16/2020,109.34,110,110,109.2,795.70K,0.30%
09/15/2020,109.01,109.55,109.65,108.8,483.01K,-0.10%
09/14/2020,109.12,109.95,110.48,109,668.56K,-0.26%
09/11/2020,109.4,110.1,110.89,109.06,1.18M,-0.90%
09/10/2020,110.39,109.77,111.28,109.77,1.95M,1.41%
09/09/2020,108.86,110,110,107.4,3.43M,-2.25%
09/08/2020,111.37,112.49,113,111.05,1.51M,-1.18%
09/07/2020,112.7,112.9,113.48,112.5,962.46K,-0.49%
09/04/2020,113.25,112.81,113.59,112.3,1.40M,-0.04%
09/03/2020,113.3,113.2,114,113.08,2.02M,-0.39%
09/02/2020,113.74,113.02,114,113.02,1.53M,0.90%
09/01/2020,112.72,114.52,114.7,112.49,3.14M,-1.77%
08/31/2020,114.75,115.4,115.4,114,2.22M,0.53%
08/28/2020,114.15,115.2,115.5,114,873.88K,-1.31%
08/27/2020,115.66,116.45,116.5,114.8,1.30M,-0.03%
08/26/2020,115.69,115.5,116.4,115.01,1.49M,0.74%
08/25/2020,114.84,114.05,115.5,113.94,1.54M,1.55%
08/24/2020,113.09,114.5,114.5,111.8,1.38M,-1.59%
08/21/2020,114.92,117.27,117.5,113.9,1.67M,-2.32%
08/20/2020,117.65,118.48,119.25,117.4,1.14M,-0.46%
08/19/2020,118.19,117.49,119.8,117.05,4.66M,0.55%
08/18/2020,117.54,117.5,118,116.9,1.56M,0.85%
08/17/2020,116.55,115.2,117.8,115.2,2.68M,1.08%
08/13/2020,115.3,115.1,117.9,114.01,3.74M,0.29%
08/12/2020,114.97,115.26,116.2,114.51,2.23M,0.00%
08/11/2020,114.97,112.7,116.25,112.7,3.61M,2.45%
08/10/2020,112.22,113.65,113.99,112,1.03M,-0.82%
08/07/2020,113.15,114.45,114.49,112.75,1.21M,-0.69%
08/06/2020,113.94,114,115,113.5,2.02M,0.39%
08/05/2020,113.5,112.71,114,111,3.40M,1.31%
08/04/2020,112.03,114.5,114.89,111.29,4.07M,-1.90%
08/03/2020,114.2,114.8,115.25,114.01,2.33M,-0.31%
07/30/2020,114.55,114.5,115.2,113.6,3.04M,-0.68%
07/29/2020,115.33,115.19,115.98,114.99,2.54M,0.45%
07/28/2020,114.81,115.5,115.99,114.6,1.79M,-0.17%
07/27/2020,115.01,114.31,116,114.3,1.14M,0.26%
07/24/2020,114.71,115.89,115.92,114.32,1.65M,-1.24%
07/23/2020,116.15,116.48,116.85,115.6,1.39M,-0.29%
07/22/2020,116.49,116.25,117.2,114.95,3.18M,0.59%
07/21/2020,115.81,116.75,117.4,115.03,4.62M,-0.52%
07/20/2020,116.41,116,117.9,115.69,3.91M,0.51%
07/17/2020,115.82,116.5,117,115.51,1.12M,-0.32%
07/16/2020,116.19,116.25,116.6,115.55,2.33M,0.95%
07/15/2020,115.1,117,117.1,114.9,3.10M,-0.19%
07/14/2020,115.32,114.75,116.45,114,4.38M,0.08%
07/13/2020,115.23,114.9,115.5,114.31,2.49M,0.63%
07/10/2020,114.51,114.4,114.99,113.8,1.29M,-0.57%
07/09/2020,115.17,115,115.65,114.11,3.58M,1.40%
07/08/2020,113.58,114.4,115.39,113.3,2.30M,-0.34%
07/07/2020,113.97,114,115.89,113.26,2.62M,0.39%
07/06/2020,113.53,113.25,114,113.01,957.66K,0.55%
07/03/2020,112.91,114.02,114.4,112.3,612.05K,-0.55%
07/02/2020,113.54,113.75,114.9,112.5,2.63M,0.45%
07/01/2020,113.03,109.99,114.25,109.22,5.62M,3.70%
06/30/2020,109,110.02,111.5,108.15,1.61M,-1.08%
06/29/2020,110.19,109.7,111,108.5,692.81K,0.49%
06/26/2020,109.65,111.5,111.5,109.5,1.40M,-0.60%
06/25/2020,110.31,110.6,111.25,109.5,1.67M,-2.12%
06/24/2020,112.7,113.02,113.4,111.53,1.79M,-0.80%
06/23/2020,113.61,111.8,113.95,111.63,1.81M,2.27%
06/22/2020,111.09,109.45,111.5,108,2.38M,2.06%
06/19/2020,108.85,109.49,110,108,1.02M,0.64%
06/18/2020,108.16,109,109,107.1,1.22M,-0.56%
06/17/2020,108.77,108.5,110.7,108.16,2.03M,0.62%
06/16/2020,108.1,108.1,108.69,107.11,1.16M,1.14%
06/15/2020,106.88,109.44,109.6,106.5,2.27M,-3.14%
06/12/2020,110.34,110.99,111,109.5,1.52M,-3.05%
06/11/2020,113.81,115.25,115.58,113.6,1.62M,-1.32%
06/10/2020,115.33,116.5,116.6,115.11,1.03M,-1.28%
06/09/2020,116.82,116,117.05,115.3,1.79M,-0.03%
06/08/2020,116.85,117.99,118,116.5,1.61M,1.93%
06/05/2020,114.64,114.1,114.99,113.59,1.23M,0.47%
06/04/2020,114.1,116.42,116.42,113.82,1.65M,-2.06%
06/03/2020,116.5,118.4,119.18,115.81,3.67M,-0.02%
06/02/2020,116.52,117.98,118,116.21,1.79M,-0.44%
06/01/2020,117.03,116.25,117.7,114.99,4.02M,2.12%
05/29/2020,114.6,111.4,115,110.9,5.94M,3.33%
05/28/2020,110.91,110.8,111.9,109.3,2.09M,-1.77%
05/21/2020,112.91,113,113.9,112.55,1.95M,1.16%
05/20/2020,111.62,112.74,113.23,110.6,2.12M,-0.99%
05/19/2020,112.74,109,114.6,109,6.25M,3.83%
05/18/2020,108.58,110,110.6,108.01,2.68M,1.81%
05/15/2020,106.65,106,108.5,106,3.76M,1.70%
05/14/2020,104.87,104.1,105.1,102.75,2.62M,1.22%
05/13/2020,103.61,104.98,105.44,103.1,2.48M,-0.27%
05/12/2020,103.89,102.11,104.8,101.11,1.79M,1.41%
05/11/2020,102.45,103.45,103.7,101.5,1.73M,-0.58%
05/08/2020,103.05,103.8,104.5,102.75,2.11M,0.10%
05/07/2020,102.95,104.37,105,102.05,3.77M,-3.21%
05/06/2020,106.36,109.98,109.98,105.7,4.76M,-0.70%
05/05/2020,107.11,110,110.4,100,6.39M,1.78%
05/04/2020,105.24,106.5,110,104.12,8.60M,-0.11%
04/30/2020,105.36,103,105.36,101.11,6.73M,7.50%
04/29/2020,98.01,96,98.9,96,4.88M,4.54%
04/28/2020,93.75,92.5,94.1,92.1,1.79M,0.37%
04/27/2020,93.4,93.05,95.3,91.9,2.64M,-1.96%
04/24/2020,95.27,96.74,97.5,94.61,4.05M,0.13%
04/23/2020,95.15,93.01,95.32,92.26,5.30M,7.31%
04/22/2020,88.67,85.7,89.77,83.8,5.31M,-0.76%
04/21/2020,89.35,93.5,94.43,89.01,6.47M,-7.14%
04/20/2020,96.22,100,100,93.99,7.16M,-0.10%
04/17/2020,96.32,95,98.84,95,6.19M,4.75%
04/16/2020,91.95,90.2,92.65,90,2.59M,1.60%
04/15/2020,90.5,92.11,92.9,89.55,4.06M,-2.77%
04/14/2020,93.08,94.1,94.97,92.1,1.99M,-0.46%
04/13/2020,93.51,96,96.89,92.7,4.67M,-1.25%
04/10/2020,94.69,95,95,92.1,4.44M,-4.40%
04/09/2020,99.05,99,102,98.2,5.56M,3.30%
04/08/2020,95.89,94.75,96.7,92.56,4.08M,0.55%
04/07/2020,95.37,92.2,96.5,91.84,4.46M,5.43%
04/06/2020,90.46,92,93.59,88.18,8.55M,2.60%
04/03/2020,88.17,88.17,88.17,86.67,5.80M,7.50%
04/02/2020,82.02,77.53,82.02,77,8.75M,7.50%
04/01/2020,76.3,76,77.5,75.3,9.33M,-0.90%
03/31/2020,76.99,76,79.79,75,12.72M,2.64%
03/30/2020,75.01,76,76,73.25,5.71M,-4.15%
03/27/2020,78.26,78.98,79.5,76.51,5.36M,-1.01%
03/26/2020,79.06,81.5,82.7,78.4,8.00M,-2.79%
03/25/2020,81.33,89.5,89.5,80.01,4.02M,-4.60%
03/24/2020,85.25,86.11,94.22,84.93,5.87M,-7.15%
03/20/2020,91.81,90,91.81,86.15,5.26M,7.49%
03/19/2020,85.41,79.99,87.5,79.99,6.73M,-1.23%
03/18/2020,86.47,90.1,90.79,86.47,2.50M,-7.50%
03/17/2020,93.48,97,99,92.51,3.11M,-3.00%
03/16/2020,96.37,101,101.98,96.37,6.13M,-7.50%
03/13/2020,104.18,98,105.2,96.2,4.99M,4.01%
03/12/2020,100.16,101.5,103.4,99,4.30M,-4.96%
03/11/2020,105.39,108.4,111.72,104.61,6.56M,0.32%
03/10/2020,105.05,101,105.84,101,15.54M,-2.35%
03/09/2020,107.58,107.58,107.58,107.58,289.10K,-6.99%
03/06/2020,115.67,121.5,122,115.3,5.40M,-6.54%
03/05/2020,123.76,123.15,126.4,123.06,4.56M,0.86%
03/04/2020,122.71,125.94,125.94,122.5,1.24M,-2.43%
03/03/2020,125.76,126.5,128.8,125.01,3.60M,1.02%
03/02/2020,124.49,119.65,125.35,119.65,6.45M,5.84%
02/28/2020,117.62,118,121,117,5.50M,-2.38%
02/27/2020,120.49,121,121.74,116.5,4.00M,-2.63%
02/26/2020,123.75,125,125.5,122.12,2.49M,-0.76%
02/25/2020,124.7,126.67,128.25,123.49,2.96M,-1.93%
02/24/2020,127.16,130.98,130.98,126.5,2.31M,-3.22%
02/21/2020,131.39,133.5,133.92,130.61,864.70K,-1.65%
02/20/2020,133.6,135.15,135.75,133.2,1.09M,-0.91%
02/19/2020,134.83,132,136.45,131.99,4.50M,2.81%
02/18/2020,131.14,129.25,132.49,128.25,2.38M,2.05%
02/17/2020,128.5,130.39,130.5,128.01,514.20K,-0.80%
02/14/2020,129.54,131.15,132.89,128.3,703.00K,-0.73%
02/13/2020,130.49,132.8,132.8,130.01,653.80K,-0.75%
02/12/2020,131.48,129.3,132.51,129,2.90M,2.86%
02/11/2020,127.82,125.35,129.48,125.35,1.44M,1.49%
02/10/2020,125.94,129.3,129.4,125.5,1.69M,-2.46%
02/07/2020,129.11,130.98,131.99,128.5,2.78M,-1.32%
02/06/2020,130.84,134.15,134.5,130.12,2.50M,-1.59%
02/04/2020,132.95,132.99,133.79,131.6,1.67M,0.60%
02/03/2020,132.16,137.25,137.5,131,2.92M,-4.22%
01/31/2020,137.98,139.5,141.2,137.71,1.85M,-1.39%
01/30/2020,139.93,140.15,140.85,139.05,2.11M,-0.70%
01/29/2020,140.92,139.31,142.79,139.31,2.12M,0.61%
01/28/2020,140.07,141.5,141.5,138.75,1.20M,-0.55%
01/27/2020,140.85,142.2,143.9,140.2,1.61M,-1.99%
01/24/2020,143.71,143.06,144.75,141.05,2.11M,0.46%
01/23/2020,143.05,145.51,146,142.5,3.54M,-0.58%
01/22/2020,143.89,148.51,148.51,140.72,19.24M,-3.37%
01/21/2020,148.91,149,149.75,148,1.28M,-0.15%
01/20/2020,149.13,150.9,151.75,147.65,1.47M,-0.75%
01/17/2020,150.25,150,150.75,149.21,805.20K,0.19%
01/16/2020,149.96,151.2,151.2,148.2,2.04M,-0.67%
01/15/2020,150.97,151,151.5,149.12,2.53M,-0.32%
01/14/2020,151.45,153.1,153.15,151.01,1.18M,-1.06%
01/13/2020,153.07,153.8,154.25,152.01,2.35M,-0.74%
01/10/2020,154.21,149.25,155.25,149.01,5.41M,3.80%
01/09/2020,148.56,148.99,149.99,146.1,3.81M,0.41%
01/08/2020,147.96,146.8,149.5,145.8,2.26M,-0.70%
01/07/2020,149.01,147.9,149.7,146.25,2.36M,0.30%
01/06/2020,148.56,148.1,151,146.6,3.99M,-0.62%
01/03/2020,149.48,150,150.6,146.75,4.02M,1.58%
01/02/2020,147.16,143.35,148.49,142.65,4.38M,2.97%
01/01/2020,142.92,142.5,143.75,141.3,784.40K,0.42%
